i,minvd,maxvd
-1,0,0.004
1,0,0.003
2,0,-0.001
3,0,0.001
4,0,0
5,0,0.001
6,0,0.001
7,0,0
8,0,0.001
9,0,0.001
10,0,0.002
11,0,0.001
12,0,0
13,0,0
14,0,0
15,0,0
16,0,-0.001
17,0,0
18,0,-0.001
19,0,0
20,0,0.001
21,0,0
22,0,0.002
23,0,0
24,0,0
25,0,0
26,0,0
27,0,0
28,0,0
29,0,0
30,0,0
31,0,0
32,0,0
33,0,-0.001
34,0,0.001
35,0,0
36,0,0.001
37,0,-0.001
38,0,0
39,0,-0.001
40,0,0.002
41,0,-0.001
42,0,0
43,0,0.001
44,0,0.001
45,0,0
46,0,0.001
47,0,-0.001
48,0,0
49,0,0
50,0,0
51,0,0.001
52,0,0
53,0,0
54,0,0
55,0,0
56,0,0
57,0,0
58,0,0
59,0,0
60,0,0
61,0,0
62,0,0
63,0,0
64,0,0
65,0,0
66,0,-0.001
67,0,0.001
68,0,0
69,0,0
70,0,0
71,0,0.001
72,0,0
73,0,0
74,0,0
75,0,0.001
76,0,0
77,0,0.001
78,0,0
79,0,-0.001
80,0,-0.002
81,0,0
82,0,0.001
83,0,-0.001
84,0,0.001
85,0,0
86,0,0.001
87,0,0
88,0,0.002
89,0,0.001
90,0,0
91,0,0
92,0,0.001
93,0,0
94,0,0
95,0,0.001
96,0,0
97,0,0
98,0,0
99,0,0
100,0,0
101,0,0
102,0,0.001
103,0,0
104,0,0
105,0,0
106,0,0
107,0,0
108,0,0
109,0,0
110,0,0
111,0,0
112,0,0
113,0,0
114,0,0
115,0,0
116,0,0
117,0,0
118,0,0
119,0,0
120,0,0
121,0,0
122,0,0
123,0,0
124,0,0
125,0,0
126,0,0
127,0,0
128,0,-0.001
129,0,0.001
130,0,0
131,0,0
132,0,0
133,0,0.002
134,0,-0.003
135,0,0.001
136,0,-0.002
137,0,-0.001
138,0,-0.001
139,0,-0.001
140,0,-0.001
141,0,0
142,0,-0.001
143,0,0
144,0,0
145,0,0.001
146,0,0
147,0,0
148,0,0.001
149,0,0
150,0,-0.003
151,0,0.001
152,0,0
153,0,0
154,0,-0.001
155,0,0
156,0,0
157,0,0
158,0,0
159,0,0
160,0,0
161,0,-0.001
162,0,0
163,0,0
164,0,0
165,0,0
166,0,0.001
167,0,0.001
168,0,0
169,0,0
170,0,0
171,0,0.001
172,0,-0.001
173,0,0
174,0,0
175,0,0
176,0,0.002
177,0,0
178,0,0.001
179,0,0
180,0,0
181,0,0
182,0,0
183,0,0
184,0,-0.001
185,0,0
186,0,0
187,0,0
188,0,0
189,0,-0.001
190,0,0.001
191,0,0
192,0,0
193,0,0
194,0,0
195,0,0
196,0,0
197,0,0
198,0,0
199,0,0
200,0,0
201,0,0
202,0,0
203,0,0
204,0,0.001
205,0,0
206,0,0
207,0,0
208,0,0
209,0,0
210,0,0
211,0,0
212,0,0
213,0,0
214,0,0
215,0,0
216,0,0
217,0,0
218,0,0
219,0,0
220,0,0
221,0,0
222,0,0
223,0,0
224,0,0
225,0,0
226,0,0
227,0,0
228,0,0
229,0,0
230,0,0
231,0,0
232,0,0
233,0,0
234,0,0
235,0,0
236,0,0
237,0,0
238,0,0
239,0,0
240,0,0
241,0,0
242,0,0
243,0,0
244,0,0
245,0,0
246,0,0
247,0,0
248,0,0
249,0,0
250,0,0
251,0,0
252,0,0
253,0,0
254,0,0
255,0,0
256,0,0.001
257,0,0.002
258,0,-0.001
259,0,-0.001
260,0,-0.001
261,0,0.002
262,0,-0.002
263,0,-0.001
264,0,0.001
265,0,0.001
266,0,-0.001
267,0,0
268,0,0
269,0,-0.001
270,0,-0.001
271,0,-0.001
272,0,0
273,0,0.002
274,0,0
275,0,-0.002
276,0,0
277,0,0.001
278,0,0
279,0,0
280,0,-0.001
281,0,0.001
282,0,0.001
283,0,-0.002
284,0,-0.001
285,0,0.001
286,0,0
287,0,0
288,0,-0.002
289,0,0.001
290,0,0.002
291,0,0
292,0,-0.001
293,0,0.001
294,0,0.001
295,0,0
296,0,-0.001
297,0,0
298,0,0.002
299,0,-0.001
300,0,0
301,0,-0.002
302,0,0.001
303,0,0
304,0,-0.001
305,0,-0.002
306,0,-0.002
307,0,0
308,0,0
309,0,-0.001
310,0,0
311,0,0.001
312,0,0.001
313,0,0
314,0,-0.001
315,0,0
316,0,0
317,0,0
318,0,-0.001
319,0,-0.002
320,0,0.001
321,0,0
322,0,-0.001
323,0,-0.003
324,0,0.002
325,0,0.001
326,0,-0.002
327,0,-0.002
328,0,-0.001
329,0,-0.001
330,0,-0.001
331,0,0
332,0,-0.001
333,0,0.001
334,0,0.002
335,0,0.001
336,0,0.002
337,0,0
338,0,0
339,0,0
340,0,0.001
341,0,0.001
342,0,-0.002
343,0,0
344,0,0.001
345,0,-0.001
346,0,-0.001
347,0,0
348,0,0
349,0,0.001
350,0,-0.001
351,0,0
352,0,0.002
353,0,0
354,0,0
355,0,-0.001
356,0,0.002
357,0,0
358,0,0
359,0,-0.001
360,0,0
361,0,0
362,0,0
363,0,0
364,0,0
365,0,0
366,0,0.001
367,0,0.001
368,0,0
369,0,-0.002
370,0,0.001
371,0,0.001
372,0,-0.001
373,0,-0.001
374,0,0.001
375,0,0.001
376,0,0
377,0,-0.001
378,0,0
379,0,0.001
380,0,0.001
381,0,-0.001
382,0,0
383,0,0.001
384,0,0
385,0,-0.001
386,0,-0.001
387,0,0.001
388,0,0.001
389,0,-0.001
390,0,-0.001
391,0,0.001
392,0,0
393,0,-0.001
394,0,-0.001
395,0,0.001
396,0,0.001
397,0,0
398,0,-0.001
399,0,0.001
400,0,0.001
401,0,0
402,0,-0.001
403,0,0.001
404,0,0.001
405,0,0
406,0,-0.001
407,0,0
408,0,0.001
409,0,0
410,0,0
411,0,0
412,0,0
413,0,0
414,0,0
415,0,0
416,0,0
417,0,0
418,0,0
419,0,0
420,0,0
421,0,0
422,0,0
423,0,0
424,0,0
425,0,0
426,0,0
427,0,0
428,0,0
429,0,0
430,0,0
431,0,0
432,0,0
433,0,0
434,0,0
435,0,0
436,0,0
437,0,0
438,0,0
439,0,0
440,0,0
441,0,0
442,0,0
443,0,0
444,0,0
445,0,0
446,0,0
447,0,0
448,0,0
449,0,0
450,0,0
451,0,0
452,0,0
453,0,0
454,0,0
455,0,0
456,0,0
457,0,0
458,0,0
459,0,0
460,0,0
461,0,0
462,0,0
463,0,0
464,0,0
465,0,0
466,0,0
467,0,0
468,0,0
469,0,0
470,0,0
471,0,0
472,0,0
473,0,0
474,0,0
475,0,0
476,0,0
477,0,0
478,0,0
479,0,0
480,0,0
481,0,0
482,0,0
483,0,0
484,0,0
485,0,0
486,0,0
487,0,0
488,0,0
489,0,0
490,0,0
491,0,0
492,0,0
493,0,0
494,0,0
495,0,0
496,0,0
497,0,0
498,0,0
499,0,0
500,0,0
501,0,0
502,0,0
503,0,0
504,0,0
505,0,0
506,0,0
507,0,0
508,0,0
509,0,0
510,0,0
511,0,0
512,0,0.001
513,0,0
514,0,0
515,0,0
516,0,-0.001
517,0,0.002
518,0,0
519,0,-0.001
520,0,0
521,0,0.002
522,0,-0.001
523,0,0
524,0,0
525,0,0.001
526,0,-0.001
527,0,-0.001
528,0,0.001
529,0,0
530,0,0
531,0,0
532,0,-0.001
533,0,0.001
534,0,0
535,0,0
536,0,0
537,0,0
538,0,0
539,0,-0.003
540,0,-0.001
541,0,0.002
542,0,0
543,0,0
544,0,0
545,0,0
546,0,-0.001
547,0,0
548,0,-0.001
549,0,0
550,0,0
551,0,-0.001
552,0,0
553,0,0
554,0,0
555,0,0
556,0,0
557,0,0
558,0,0.001
559,0,0
560,0,0
561,0,-0.001
562,0,0.001
563,0,0.001
564,0,-0.001
565,0,0.001
566,0,0
567,0,0.001
568,0,0
569,0,-0.001
570,0,0.002
571,0,0.001
572,0,0
573,0,-0.001
574,0,-0.001
575,0,0.001
576,0,0
577,0,-0.002
578,0,0.002
579,0,0.001
580,0,0
581,0,0
582,0,-0.001
583,0,0.001
584,0,0
585,0,-0.001
586,0,0.001
587,0,0
588,0,-0.001
589,0,0
590,0,-0.001
591,0,0
592,0,0
593,0,0
594,0,0.001
595,0,-0.001
596,0,0.002
597,0,0
598,0,0
599,0,0.002
600,0,0
601,0,0
602,0,0
603,0,-0.002
604,0,0.002
605,0,-0.001
606,0,0
607,0,0.001
608,0,-0.001
609,0,0.001
610,0,0
611,0,-0.001
612,0,0
613,0,0.002
614,0,0
615,0,0.002
616,0,0
617,0,0.001
618,0,-0.001
619,0,0.001
620,0,0.001
621,0,-0.001
622,0,0
623,0,0
624,0,0
625,0,0
626,0,-0.001
627,0,0
628,0,0
629,0,0
630,0,0.001
631,0,-0.001
632,0,0
633,0,-0.001
634,0,-0.001
635,0,0
636,0,-0.001
637,0,0
638,0,0
639,0,-0.001
640,0,0.001
641,0,-0.001
642,0,-0.001
643,0,0.001
644,0,-0.001
645,0,0.001
646,0,0.001
647,0,-0.003
648,0,0.002
649,0,0
650,0,0
651,0,0.001
652,0,0
653,0,0.001
654,0,0
655,0,-0.002
656,0,0.001
657,0,-0.002
658,0,0.001
659,0,0
660,0,0
661,0,0
662,0,-0.001
663,0,0.001
664,0,0
665,0,-0.002
666,0,0.001
667,0,0
668,0,-0.002
669,0,0.001
670,0,-0.001
671,0,0.001
672,0,0.001
673,0,0
674,0,0.002
675,0,-0.002
676,0,0.001
677,0,0
678,0,-0.001
679,0,0.001
680,0,-0.001
681,0,0
682,0,0.002
683,0,-0.001
684,0,0
685,0,0.001
686,0,-0.001
687,0,0.001
688,0,0
689,0,0
690,0,0.001
691,0,-0.002
692,0,0
693,0,0
694,0,-0.001
695,0,0.001
696,0,0
697,0,0.001
698,0,0
699,0,0
700,0,0
701,0,0
702,0,-0.001
703,0,0.001
704,0,-0.002
705,0,0.001
706,0,0
707,0,-0.001
708,0,0.001
709,0,0
710,0,0
711,0,0.001
712,0,-0.002
713,0,0
714,0,0
715,0,-0.001
716,0,0.001
717,0,0
718,0,0
719,0,0
720,0,-0.001
721,0,0.001
722,0,0
723,0,-0.001
724,0,0.001
725,0,-0.001
726,0,0.001
727,0,0
728,0,-0.001
729,0,0.001
730,0,0
731,0,-0.001
732,0,0
733,0,0
734,0,0
735,0,0
736,0,-0.001
737,0,0
738,0,0
739,0,-0.002
740,0,0.001
741,0,0
742,0,0
743,0,0
744,0,0
745,0,-0.001
746,0,0
747,0,-0.001
748,0,0.001
749,0,0
750,0,0
751,0,0
752,0,-0.001
753,0,0.001
754,0,0
755,0,0
756,0,0
757,0,0
758,0,0
759,0,0
760,0,-0.002
761,0,0.001
762,0,0
763,0,-0.001
764,0,0.001
765,0,-0.001
766,0,0
767,0,0
768,0,-0.001
769,0,0
770,0,0
771,0,0
772,0,0
773,0,-0.001
774,0,0
775,0,0
776,0,0
777,0,0
778,0,0
779,0,0
780,0,0
781,0,-0.001
782,0,0.001
783,0,0
784,0,0
785,0,0.001
786,0,0
787,0,0
788,0,0
789,0,-0.001
790,0,0.001
791,0,0
792,0,0
793,0,0
794,0,-0.001
795,0,0
796,0,0
797,0,-0.001
798,0,0.001
799,0,0
800,0,0
801,0,0
802,0,-0.001
803,0,0
804,0,0
805,0,0
806,0,0.001
807,0,0
808,0,0
809,0,0
810,0,-0.001
811,0,0.001
812,0,0
813,0,0
814,0,0.001
815,0,-0.001
816,0,0
817,0,0
818,0,0
819,0,0
820,0,0
821,0,0
822,0,0
823,0,0
824,0,0
825,0,0
826,0,0
827,0,0
828,0,0
829,0,0
830,0,0
831,0,0
832,0,0
833,0,0
834,0,0
835,0,0
836,0,0
837,0,0
838,0,0
839,0,0
840,0,0
841,0,0
842,0,0
843,0,0
844,0,0
845,0,0
846,0,0
847,0,0
848,0,0
849,0,0
850,0,0
851,0,0
852,0,0
853,0,0
854,0,0
855,0,0
856,0,0
857,0,0
858,0,0
859,0,0
860,0,0
861,0,0
862,0,0
863,0,0
864,0,0
865,0,0
866,0,0
867,0,0
868,0,0
869,0,0
870,0,0
871,0,0
872,0,0
873,0,0
874,0,0
875,0,0
876,0,0
877,0,0
878,0,0
879,0,0
880,0,0
881,0,0
882,0,0
883,0,0
884,0,0
885,0,0
886,0,0
887,0,0
888,0,0
889,0,0
890,0,0
891,0,0
892,0,0
893,0,0
894,0,0
895,0,0
896,0,0
897,0,0
898,0,0
899,0,0
900,0,0
901,0,0
902,0,0
903,0,0
904,0,0
905,0,0
906,0,0
907,0,0
908,0,0
909,0,0
910,0,0
911,0,0
912,0,0
913,0,0
914,0,0
915,0,0
916,0,0
917,0,0
918,0,0
919,0,0
920,0,0
921,0,0
922,0,0
923,0,0
924,0,0
925,0,0
926,0,0
927,0,0
928,0,0
929,0,0
930,0,0
931,0,0
932,0,0
933,0,0
934,0,0
935,0,0
936,0,0
937,0,0
938,0,0
939,0,0
940,0,0
941,0,0
942,0,0
943,0,0
944,0,0
945,0,0
946,0,0
947,0,0
948,0,0
949,0,0
950,0,0
951,0,0
952,0,0
953,0,0
954,0,0
955,0,0
956,0,0
957,0,0
958,0,0
959,0,0
960,0,0
961,0,0
962,0,0
963,0,0
964,0,0
965,0,0
966,0,0
967,0,0
968,0,0
969,0,0
970,0,0
971,0,0
972,0,0
973,0,0
974,0,0
975,0,0
976,0,0
977,0,0
978,0,0
979,0,0
980,0,0
981,0,0
982,0,0
983,0,0
984,0,0
985,0,0
986,0,0
987,0,0
988,0,0
989,0,0
990,0,0
991,0,0
992,0,0
993,0,0
994,0,0
995,0,0
996,0,0
997,0,0
998,0,0
999,0,0
1000,0,0
1001,0,0
1002,0,0
1003,0,0
1004,0,0
1005,0,0
1006,0,0
1007,0,0
1008,0,0
1009,0,0
1010,0,0
1011,0,0
1012,0,0
1013,0,0
1014,0,0
1015,0,0
1016,0,0
1017,0,0
1018,0,0
1019,0,0
1020,0,0
1021,0,0
1022,0,0
1023,0,0
1024,0,0
1025,0,0
1026,0,0
1027,0,0
1028,0,-0.002
1029,0,0
1030,0,0
1031,0,0
1032,0,0
1033,0,-0.001
1034,0,-0.001
1035,0,0
1036,0,0
1037,0,0
1038,0,0
1039,0,-0.001
1040,0,0
1041,0,0.001
1042,0,-0.002
1043,0,0
1044,0,-0.001
1045,0,-0.001
1046,0,0
1047,0,0
1048,0,0
1049,0,0
1050,0,0.001
1051,0,0
1052,0,0
1053,0,-0.001
1054,0,-0.001
1055,0,0.001
1056,0,0.001
1057,0,0
1058,0,0
1059,0,0
1060,0,0
1061,0,0.001
1062,0,0
1063,0,0
1064,0,0
1065,0,-0.001
1066,0,0
1067,0,0.001
1068,0,0
1069,0,0
1070,0,0
1071,0,0
1072,0,0
1073,0,0
1074,0,0
1075,0,0
1076,0,-0.002
1077,0,0
1078,0,0
1079,0,0.002
1080,0,0
1081,0,-0.001
1082,0,0
1083,0,0
1084,0,0
1085,0,0
1086,0,-0.001
1087,0,0
1088,0,0
1089,0,0
1090,0,0
1091,0,0
1092,0,-0.001
1093,0,0.002
1094,0,0
1095,0,0
1096,0,0
1097,0,-0.001
1098,0,0
1099,0,0.001
1100,0,0
1101,0,0
1102,0,0.001
1103,0,0
1104,0,0
1105,0,0
1106,0,0
1107,0,0
1108,0,-0.001
1109,0,0.001
1110,0,0
1111,0,0
1112,0,0
1113,0,0
1114,0,0
1115,0,0
1116,0,0.001
1117,0,0
1118,0,-0.001
1119,0,0.001
1120,0,0
1121,0,0
1122,0,0
1123,0,-0.001
1124,0,0.001
1125,0,0.001
1126,0,-0.001
1127,0,0
1128,0,-0.001
1129,0,0.001
1130,0,-0.001
1131,0,0
1132,0,0
1133,0,0
1134,0,0
1135,0,0.001
1136,0,0
1137,0,0
1138,0,0
1139,0,0
1140,0,0.001
1141,0,0
1142,0,-0.001
1143,0,0
1144,0,-0.001
1145,0,0
1146,0,0
1147,0,-0.001
1148,0,0
1149,0,-0.001
1150,0,0.001
1151,0,0
1152,0,0
1153,0,0
1154,0,0
1155,0,-0.001
1156,0,0.002
1157,0,0
1158,0,-0.001
1159,0,0
1160,0,-0.001
1161,0,0.002
1162,0,0
1163,0,0
1164,0,0
1165,0,-0.001
1166,0,0
1167,0,0
1168,0,0
1169,0,0
1170,0,0
1171,0,-0.001
1172,0,0
1173,0,0
1174,0,0
1175,0,0
1176,0,0
1177,0,0
1178,0,0
1179,0,0
1180,0,0
1181,0,-0.001
1182,0,0
1183,0,0.001
1184,0,-0.001
1185,0,0
1186,0,0.001
1187,0,0.001
1188,0,0.001
1189,0,0
1190,0,0
1191,0,-0.001
1192,0,0.001
1193,0,0
1194,0,0
1195,0,0
1196,0,0
1197,0,0
1198,0,0.002
1199,0,0
1200,0,0
1201,0,0
1202,0,0
1203,0,0
1204,0,-0.001
1205,0,0
1206,0,0.001
1207,0,-0.002
1208,0,-0.001
1209,0,0
1210,0,0
1211,0,-0.001
1212,0,0
1213,0,0
1214,0,0.001
1215,0,0
1216,0,0
1217,0,-0.001
1218,0,-0.001
1219,0,0
1220,0,0
1221,0,0
1222,0,-0.001
1223,0,0
1224,0,0
1225,0,0
1226,0,-0.001
1227,0,0
1228,0,-0.001
1229,0,-0.001
1230,0,0.002
1231,0,0
1232,0,-0.001
1233,0,0
1234,0,0.001
1235,0,0
1236,0,0
1237,0,-0.001
1238,0,0.001
1239,0,0.001
1240,0,0.001
1241,0,0
1242,0,0
1243,0,0
1244,0,0.001
1245,0,0.001
1246,0,0
1247,0,0
1248,0,-0.001
1249,0,0
1250,0,0
1251,0,0
1252,0,0
1253,0,-0.001
1254,0,0
1255,0,0
1256,0,0
1257,0,0
1258,0,-0.001
1259,0,0
1260,0,0
1261,0,0
1262,0,0
1263,0,-0.001
1264,0,0
1265,0,0.001
1266,0,0
1267,0,0.001
1268,0,0
1269,0,0
1270,0,0.001
1271,0,0.001
1272,0,0
1273,0,0.001
1274,0,-0.001
1275,0,0.001
1276,0,0
1277,0,0
1278,0,-0.001
1279,0,0.001
1280,0,0
1281,0,-0.001
1282,0,0
1283,0,-0.001
1284,0,0
1285,0,-0.001
1286,0,0.002
1287,0,0.001
1288,0,-0.001
1289,0,-0.001
1290,0,0.001
1291,0,0.002
1292,0,0.001
1293,0,0
1294,0,-0.001
1295,0,-0.003
1296,0,0.001
1297,0,0
1298,0,0
1299,0,0
1300,0,-0.001
1301,0,0
1302,0,0.001
1303,0,0
1304,0,0
1305,0,0
1306,0,-0.001
1307,0,0
1308,0,0
1309,0,0
1310,0,0
1311,0,-0.001
1312,0,0
1313,0,0
1314,0,0
1315,0,-0.001
1316,0,0
1317,0,0
1318,0,-0.002
1319,0,0.001
1320,0,0
1321,0,0
1322,0,0
1323,0,0.001
1324,0,0
1325,0,-0.001
1326,0,0.001
1327,0,0
1328,0,-0.001
1329,0,0.001
1330,0,0
1331,0,-0.002
1332,0,0.001
1333,0,0
1334,0,0
1335,0,0
1336,0,-0.001
1337,0,0.003
1338,0,0
1339,0,0
1340,0,-0.001
1341,0,-0.001
1342,0,0.001
1343,0,0
1344,0,-0.002
1345,0,0.001
1346,0,0
1347,0,0
1348,0,0.001
1349,0,0
1350,0,0
1351,0,0.001
1352,0,0.001
1353,0,0
1354,0,-0.001
1355,0,0.001
1356,0,0
1357,0,-0.001
1358,0,0.001
1359,0,0
1360,0,0
1361,0,0
1362,0,0
1363,0,0
1364,0,0.001
1365,0,0
1366,0,0
1367,0,0
1368,0,0
1369,0,0
1370,0,-0.001
1371,0,0.001
1372,0,0
1373,0,-0.001
1374,0,0
1375,0,0
1376,0,-0.001
1377,0,0
1378,0,0
1379,0,0
1380,0,0
1381,0,0
1382,0,0
1383,0,0.001
1384,0,0
1385,0,0
1386,0,0
1387,0,0.001
1388,0,0
1389,0,-0.001
1390,0,0.001
1391,0,0
1392,0,-0.001
1393,0,0
1394,0,0.001
1395,0,0
1396,0,0
1397,0,0.001
1398,0,0
1399,0,0
1400,0,0
1401,0,0
1402,0,0
1403,0,0.001
1404,0,0
1405,0,-0.001
1406,0,0.001
1407,0,0
1408,0,-0.001
1409,0,0.001
1410,0,0.001
1411,0,0
1412,0,0
1413,0,0.001
1414,0,0
1415,0,-0.001
1416,0,0.001
1417,0,0
1418,0,-0.001
1419,0,0
1420,0,0
1421,0,0
1422,0,0
1423,0,0
1424,0,0
1425,0,0.001
1426,0,0
1427,0,0
1428,0,0
1429,0,0.001
1430,0,0
1431,0,-0.001
1432,0,0.001
1433,0,0
1434,0,-0.001
1435,0,0
1436,0,0
1437,0,0
1438,0,0
1439,0,0.001
1440,0,0
1441,0,0
1442,0,0.001
1443,0,0
1444,0,0
1445,0,0.001
1446,0,0
1447,0,-0.001
1448,0,0.001
1449,0,0
1450,0,0
1451,0,0
1452,0,0.001
1453,0,0
1454,0,0
1455,0,0.001
1456,0,0
1457,0,-0.001
1458,0,0.001
1459,0,0
1460,0,-0.001
1461,0,0.001
1462,0,0
1463,0,-0.001
1464,0,0.001
1465,0,0.001
1466,0,0
1467,0,0
1468,0,-0.001
1469,0,0
1470,0,0
1471,0,0
1472,0,0
1473,0,-0.001
1474,0,0
1475,0,0.001
1476,0,0
1477,0,0
1478,0,0
1479,0,0.002
1480,0,0.001
1481,0,0
1482,0,0
1483,0,0
1484,0,-0.001
1485,0,0
1486,0,0
1487,0,0
1488,0,0
1489,0,0
1490,0,0
1491,0,-0.001
1492,0,0
1493,0,0
1494,0,0
1495,0,0
1496,0,0.001
1497,0,0
1498,0,0
1499,0,0
1500,0,0
1501,0,0
1502,0,0
1503,0,0
1504,0,0
1505,0,0
1506,0,0
1507,0,0
1508,0,0
1509,0,0
1510,0,-0.001
1511,0,0
1512,0,0
1513,0,0
1514,0,0
1515,0,0
1516,0,-0.001
1517,0,0.001
1518,0,0
1519,0,0
1520,0,0
1521,0,-0.001
1522,0,0.001
1523,0,0
1524,0,0
1525,0,0
1526,0,0
1527,0,0
1528,0,0
1529,0,0
1530,0,0
1531,0,-0.001
1532,0,0
1533,0,0.001
1534,0,0
1535,0,0
1536,0,0
1537,0,0
1538,0,0
1539,0,0.001
1540,0,0
1541,0,0
1542,0,-0.001
1543,0,0.001
1544,0,0
1545,0,0
1546,0,0
1547,0,-0.001
1548,0,0
1549,0,-0.001
1550,0,0
1551,0,0
1552,0,-0.001
1553,0,0
1554,0,0
1555,0,0
1556,0,0
1557,0,0
1558,0,0
1559,0,0.001
1560,0,0
1561,0,0
1562,0,0
1563,0,-0.001
1564,0,0
1565,0,0
1566,0,0
1567,0,0
1568,0,-0.001
1569,0,0
1570,0,0.001
1571,0,0
1572,0,0
1573,0,0
1574,0,0
1575,0,0
1576,0,0
1577,0,0
1578,0,0
1579,0,0
1580,0,0.001
1581,0,0
1582,0,0
1583,0,0
1584,0,0
1585,0,0
1586,0,0
1587,0,0
1588,0,0
1589,0,-0.001
1590,0,0
1591,0,0.001
1592,0,0
1593,0,0
1594,0,0
1595,0,0.001
1596,0,0.001
1597,0,0
1598,0,0
1599,0,0
1600,0,0.001
1601,0,0
1602,0,0
1603,0,0
1604,0,0
1605,0,-0.001
1606,0,0
1607,0,0.001
1608,0,0
1609,0,0
1610,0,-0.001
1611,0,0
1612,0,0.001
1613,0,0
1614,0,0
1615,0,0
1616,0,0
1617,0,0
1618,0,0
1619,0,0
1620,0,0
1621,0,0
1622,0,0
1623,0,0
1624,0,0
1625,0,0
1626,0,-0.001
1627,0,0
1628,0,0.001
1629,0,0
1630,0,0
1631,0,-0.001
1632,0,0
1633,0,0.001
1634,0,0
1635,0,0
1636,0,0
1637,0,0
1638,0,0
1639,0,0
1640,0,0
1641,0,0
1642,0,0
1643,0,0
1644,0,0
1645,0,0
1646,0,0
1647,0,0
1648,0,0
1649,0,0
1650,0,0
1651,0,0
1652,0,0
1653,0,0
1654,0,0
1655,0,0
1656,0,0
1657,0,0
1658,0,0
1659,0,0
1660,0,0
1661,0,0
1662,0,0
1663,0,0
1664,0,0
1665,0,0
1666,0,0
1667,0,0
1668,0,0
1669,0,0
1670,0,0
1671,0,0
1672,0,0
1673,0,0
1674,0,0
1675,0,0
1676,0,0
1677,0,0
1678,0,0
1679,0,0
1680,0,0
1681,0,0
1682,0,0
1683,0,0
1684,0,0
1685,0,0
1686,0,0
1687,0,0
1688,0,0
1689,0,0
1690,0,0
1691,0,0
1692,0,0
1693,0,0
1694,0,0
1695,0,0
1696,0,0
1697,0,0
1698,0,0
1699,0,0
1700,0,0
1701,0,0
1702,0,0
1703,0,0
1704,0,0
1705,0,0
1706,0,0
1707,0,0
1708,0,0
1709,0,0
1710,0,0
1711,0,0
1712,0,0
1713,0,0
1714,0,0
1715,0,0
1716,0,0
1717,0,0
1718,0,0
1719,0,0
1720,0,0
1721,0,0
1722,0,0
1723,0,0
1724,0,0
1725,0,0
1726,0,0
1727,0,0
1728,0,0
1729,0,0
1730,0,0
1731,0,0
1732,0,0
1733,0,0
1734,0,0
1735,0,0
1736,0,0
1737,0,0
1738,0,0
1739,0,0
1740,0,0
1741,0,0
1742,0,0
1743,0,0
1744,0,0
1745,0,0
1746,0,0
1747,0,0
1748,0,0
1749,0,0
1750,0,0
1751,0,0
1752,0,0
1753,0,0
1754,0,0
1755,0,0
1756,0,0
1757,0,0
1758,0,0
1759,0,0
1760,0,0
1761,0,0
1762,0,0
1763,0,0
1764,0,0
1765,0,0
1766,0,0
1767,0,0
1768,0,0
1769,0,0
1770,0,0
1771,0,0
1772,0,0
1773,0,0
1774,0,0
1775,0,0
1776,0,0
1777,0,0
1778,0,0
1779,0,0
1780,0,0
1781,0,0
1782,0,0
1783,0,0
1784,0,0
1785,0,0
1786,0,0
1787,0,0
1788,0,0
1789,0,0
1790,0,0
1791,0,0
1792,0,0
1793,0,0
1794,0,0
1795,0,0
1796,0,0
1797,0,0
1798,0,0
1799,0,0
1800,0,0
1801,0,0
1802,0,0
1803,0,0
1804,0,0
1805,0,0
1806,0,0
1807,0,0
1808,0,0
1809,0,0
1810,0,0
1811,0,0
1812,0,0
1813,0,0
1814,0,0
1815,0,0
1816,0,0
1817,0,0
1818,0,0
1819,0,0
1820,0,0
1821,0,0
1822,0,0
1823,0,0
1824,0,0
1825,0,0
1826,0,0
1827,0,0
1828,0,0
1829,0,0
1830,0,0
1831,0,0
1832,0,0
1833,0,0
1834,0,0
1835,0,0
1836,0,0
1837,0,0
1838,0,0
1839,0,0
1840,0,0
1841,0,0
1842,0,0
1843,0,0
1844,0,0
1845,0,0
1846,0,0
1847,0,0
1848,0,0
1849,0,0
1850,0,0
1851,0,0
1852,0,0
1853,0,0
1854,0,0
1855,0,0
1856,0,0
1857,0,0
1858,0,0
1859,0,0
1860,0,0
1861,0,0
1862,0,0
1863,0,0
1864,0,0
1865,0,0
1866,0,0
1867,0,0
1868,0,0
1869,0,0
1870,0,0
1871,0,0
1872,0,0
1873,0,0
1874,0,0
1875,0,0
1876,0,0
1877,0,0
1878,0,0
1879,0,0
1880,0,0
1881,0,0
1882,0,0
1883,0,0
1884,0,0
1885,0,0
1886,0,0
1887,0,0
1888,0,0
1889,0,0
1890,0,0
1891,0,0
1892,0,0
1893,0,0
1894,0,0
1895,0,0
1896,0,0
1897,0,0
1898,0,0
1899,0,0
1900,0,0
1901,0,0
1902,0,0
1903,0,0
1904,0,0
1905,0,0
1906,0,0
1907,0,0
1908,0,0
1909,0,0
1910,0,0
1911,0,0
1912,0,0
1913,0,0
1914,0,0
1915,0,0
1916,0,0
1917,0,0
1918,0,0
1919,0,0
1920,0,0
1921,0,0
1922,0,0
1923,0,0
1924,0,0
1925,0,0
1926,0,0
1927,0,0
1928,0,0
1929,0,0
1930,0,0
1931,0,0
1932,0,0
1933,0,0
1934,0,0
1935,0,0
1936,0,0
1937,0,0
1938,0,0
1939,0,0
1940,0,0
1941,0,0
1942,0,0
1943,0,0
1944,0,0
1945,0,0
1946,0,0
1947,0,0
1948,0,0
1949,0,0
1950,0,0
1951,0,0
1952,0,0
1953,0,0
1954,0,0
1955,0,0
1956,0,0
1957,0,0
1958,0,0
1959,0,0
1960,0,0
1961,0,0
1962,0,0
1963,0,0
1964,0,0
1965,0,0
1966,0,0
1967,0,0
1968,0,0
1969,0,0
1970,0,0
1971,0,0
1972,0,0
1973,0,0
1974,0,0
1975,0,0
1976,0,0
1977,0,0
1978,0,0
1979,0,0
1980,0,0
1981,0,0
1982,0,0
1983,0,0
1984,0,0
1985,0,0
1986,0,0
1987,0,0
1988,0,0
1989,0,0
1990,0,0
1991,0,0
1992,0,0
1993,0,0
1994,0,0
1995,0,0
1996,0,0
1997,0,0
1998,0,0
1999,0,0
2000,0,0
2001,0,0
2002,0,0
2003,0,0
2004,0,0
2005,0,0
2006,0,0
2007,0,0
2008,0,0
2009,0,0
2010,0,0
2011,0,0
2012,0,0
2013,0,0
2014,0,0
2015,0,0
2016,0,0
2017,0,0
2018,0,0
2019,0,0
2020,0,0
2021,0,0
2022,0,0
2023,0,0
2024,0,0
2025,0,0
2026,0,0
2027,0,0
2028,0,0
2029,0,0
2030,0,0
2031,0,0
2032,0,0
2033,0,0
2034,0,0
2035,0,0
2036,0,0
2037,0,0
2038,0,0
2039,0,0
2040,0,0
2041,0,0
2042,0,0
2043,0,0
2044,0,0
2045,0,0
2046,0,0
2047,0,0
2048,0,0
2049,0,-0.001
2050,0,0
2051,0,0
2052,0,0
2053,0,0
2054,0,0
2055,0,0
2056,0,0
2057,0,0.001
2058,0,-0.001
2059,0,0.001
2060,0,0
2061,0,0
2062,0,0
2063,0,0
2064,0,0
2065,0,0
2066,0,0
2067,0,-0.001
2068,0,0
2069,0,-0.001
2070,0,0
2071,0,0
2072,0,0
2073,0,0
2074,0,0
2075,0,0
2076,0,0
2077,0,0
2078,0,0
2079,0,0.001
2080,0,0
2081,0,0.001
2082,0,0.001
2083,0,0
2084,0,0
2085,0,0.002
2086,0,0
2087,0,0
2088,0,0
2089,0,-0.001
2090,0,0
2091,0,-0.001
2092,0,0
2093,0,0
2094,0,0
2095,0,0
2096,0,0
2097,0,0
2098,0,0
2099,0,0
2100,0,-0.001
2101,0,0
2102,0,0.001
2103,0,0.001
2104,0,0
2105,0,0
2106,0,0
2107,0,-0.001
2108,0,0
2109,0,-0.001
2110,0,0.001
2111,0,0.001
2112,0,0.001
2113,0,0
2114,0,0
2115,0,0
2116,0,0
2117,0,0
2118,0,0
2119,0,0
2120,0,-0.001
2121,0,0
2122,0,-0.001
2123,0,0
2124,0,0
2125,0,0
2126,0,0
2127,0,0
2128,0,0
2129,0,0
2130,0,0
2131,0,0
2132,0,-0.001
2133,0,-0.001
2134,0,0.001
2135,0,0
2136,0,0
2137,0,0
2138,0,0
2139,0,0
2140,0,0
2141,0,0
2142,0,0
2143,0,0
2144,0,0
2145,0,0
2146,0,0
2147,0,0
2148,0,0
2149,0,0
2150,0,0
2151,0,0
2152,0,0
2153,0,-0.002
2154,0,0.001
2155,0,0.002
2156,0,0
2157,0,0
2158,0,-0.003
2159,0,0.001
2160,0,0
2161,0,0
2162,0,0
2163,0,0.001
2164,0,-0.001
2165,0,-0.001
2166,0,0
2167,0,0
2168,0,0
2169,0,0
2170,0,0
2171,0,0
2172,0,0
2173,0,-0.001
2174,0,0
2175,0,0
2176,0,0
2177,0,0
2178,0,0
2179,0,0
2180,0,0
2181,0,0
2182,0,0
2183,0,0
2184,0,0
2185,0,0.001
2186,0,-0.002
2187,0,0
2188,0,0
2189,0,0
2190,0,0
2191,0,0
2192,0,0
2193,0,0
2194,0,0
2195,0,-0.001
2196,0,0
2197,0,0
2198,0,0.001
2199,0,0
2200,0,0
2201,0,0
2202,0,0
2203,0,0
2204,0,0
2205,0,0
2206,0,-0.001
2207,0,0.001
2208,0,0
2209,0,0
2210,0,0
2211,0,0
2212,0,0
2213,0,0
2214,0,0
2215,0,0
2216,0,0
2217,0,0.001
2218,0,0
2219,0,0
2220,0,0
2221,0,0
2222,0,0
2223,0,0
2224,0,0
2225,0,0
2226,0,0
2227,0,0
2228,0,0
2229,0,0
2230,0,0
2231,0,0
2232,0,-0.001
2233,0,0
2234,0,0
2235,0,0
2236,0,0
2237,0,0
2238,0,0
2239,0,0
2240,0,0
2241,0,0
2242,0,0
2243,0,0
2244,0,0
2245,0,0
2246,0,0
2247,0,-0.001
2248,0,-0.001
2249,0,0.001
2250,0,0.001
2251,0,0
2252,0,0
2253,0,-0.001
2254,0,0
2255,0,0
2256,0,0
2257,0,0
2258,0,0
2259,0,0
2260,0,0
2261,0,-0.001
2262,0,0
2263,0,0
2264,0,0
2265,0,0
2266,0,0
2267,0,0
2268,0,-0.001
2269,0,0.001
2270,0,0.001
2271,0,0
2272,0,0
2273,0,0
2274,0,0
2275,0,0
2276,0,0
2277,0,0
2278,0,-0.001
2279,0,0
2280,0,-0.001
2281,0,0
2282,0,0
2283,0,0
2284,0,0
2285,0,0.001
2286,0,0
2287,0,0
2288,0,0
2289,0,-0.001
2290,0,-0.001
2291,0,-0.001
2292,0,0
2293,0,0
2294,0,0
2295,0,-0.001
2296,0,0
2297,0,0
2298,0,0
2299,0,0
2300,0,0
2301,0,0
2302,0,0
2303,0,0
2304,0,0
2305,0,0
2306,0,0
2307,0,0
2308,0,0
2309,0,0
2310,0,0
2311,0,0.002
2312,0,0
2313,0,0
2314,0,0
2315,0,0
2316,0,0
2317,0,0.001
2318,0,0
2319,0,0
2320,0,-0.001
2321,0,0
2322,0,0
2323,0,0
2324,0,0
2325,0,0
2326,0,0
2327,0,0
2328,0,0
2329,0,0
2330,0,0
2331,0,-0.001
2332,0,-0.001
2333,0,0
2334,0,0
2335,0,0
2336,0,0
2337,0,0
2338,0,0
2339,0,0
2340,0,0
2341,0,0
2342,0,0
2343,0,-0.001
2344,0,0.001
2345,0,0.001
2346,0,0
2347,0,0
2348,0,0
2349,0,0
2350,0,0
2351,0,0
2352,0,0
2353,0,0
2354,0,-0.001
2355,0,-0.001
2356,0,0
2357,0,0
2358,0,0
2359,0,0
2360,0,0
2361,0,0
2362,0,0
2363,0,-0.001
2364,0,0
2365,0,0
2366,0,0.001
2367,0,0
2368,0,0
2369,0,-0.001
2370,0,0
2371,0,0
2372,0,0.001
2373,0,0
2374,0,-0.001
2375,0,0
2376,0,0.001
2377,0,0
2378,0,0
2379,0,0
2380,0,0
2381,0,0
2382,0,0
2383,0,-0.001
2384,0,0
2385,0,0
2386,0,0
2387,0,0
2388,0,0
2389,0,0
2390,0,0
2391,0,0
2392,0,-0.001
2393,0,0
2394,0,0
2395,0,0
2396,0,0
2397,0,0
2398,0,0
2399,0,0
2400,0,0
2401,0,0
2402,0,0
2403,0,0
2404,0,0
2405,0,0
2406,0,0
2407,0,0
2408,0,0
2409,0,0
2410,0,0
2411,0,0
2412,0,0
2413,0,0
2414,0,-0.001
2415,0,-0.001
2416,0,0
2417,0,0.001
2418,0,0
2419,0,0
2420,0,0
2421,0,0
2422,0,0
2423,0,0
2424,0,0
2425,0,-0.001
2426,0,0
2427,0,0.001
2428,0,0.001
2429,0,0
2430,0,0
2431,0,0
2432,0,0
2433,0,0
2434,0,0
2435,0,0
2436,0,0
2437,0,-0.001
2438,0,0.001
2439,0,-0.001
2440,0,0
2441,0,0
2442,0,0
2443,0,0
2444,0,0
2445,0,-0.001
2446,0,0
2447,0,0.001
2448,0,0
2449,0,0
2450,0,0
2451,0,0
2452,0,-0.001
2453,0,0.001
2454,0,0
2455,0,0
2456,0,-0.001
2457,0,0.001
2458,0,0
2459,0,-0.001
2460,0,0.002
2461,0,0
2462,0,0
2463,0,0
2464,0,0
2465,0,0
2466,0,0
2467,0,0.001
2468,0,0.001
2469,0,0
2470,0,0
2471,0,0
2472,0,0
2473,0,0
2474,0,0
2475,0,0
2476,0,-0.001
2477,0,0.001
2478,0,0.001
2479,0,0
2480,0,-0.001
2481,0,0
2482,0,0
2483,0,0
2484,0,0
2485,0,0
2486,0,0
2487,0,0
2488,0,0
2489,0,0
2490,0,-0.001
2491,0,0
2492,0,0
2493,0,0
2494,0,0
2495,0,0
2496,0,0
2497,0,0
2498,0,0
2499,0,0
2500,0,0
2501,0,0
2502,0,0
2503,0,0
2504,0,0
2505,0,0
2506,0,0
2507,0,0.001
2508,0,-0.001
2509,0,0
2510,0,0.001
2511,0,0.001
2512,0,0
2513,0,0
2514,0,0
2515,0,0
2516,0,0
2517,0,-0.001
2518,0,0
2519,0,0.001
2520,0,0
2521,0,0.001
2522,0,0
2523,0,0
2524,0,0
2525,0,0
2526,0,0
2527,0,-0.001
2528,0,0
2529,0,0
2530,0,0
2531,0,0
2532,0,0
2533,0,0
2534,0,0.001
2535,0,0
2536,0,0
2537,0,0
2538,0,-0.001
2539,0,0
2540,0,0
2541,0,0
2542,0,0.001
2543,0,0
2544,0,0
2545,0,0
2546,0,-0.001
2547,0,0
2548,0,-0.001
2549,0,0
2550,0,0
2551,0,0
2552,0,0
2553,0,0
2554,0,0
2555,0,0
2556,0,0
2557,0,-0.001
2558,0,-0.001
2559,0,0
2560,0,0
2561,0,0.001
2562,0,0
2563,0,0.001
2564,0,0
2565,0,0
2566,0,0
2567,0,-0.001
2568,0,0
2569,0,0
2570,0,0
2571,0,0
2572,0,0.002
2573,0,0
2574,0,0.001
2575,0,0
2576,0,0
2577,0,-0.001
2578,0,0
2579,0,-0.001
2580,0,0.002
2581,0,0
2582,0,0.001
2583,0,0
2584,0,0.001
2585,0,0
2586,0,0
2587,0,0
2588,0,0
2589,0,0
2590,0,0
2591,0,0.002
2592,0,0
2593,0,0
2594,0,0
2595,0,0
2596,0,0
2597,0,0
2598,0,0
2599,0,0
2600,0,-0.001
2601,0,-0.001
2602,0,0
2603,0,0.002
2604,0,0.001
2605,0,0
2606,0,0
2607,0,0
2608,0,0
2609,0,0
2610,0,0
2611,0,0
2612,0,0
2613,0,0.001
2614,0,0
2615,0,0.001
2616,0,0
2617,0,0
2618,0,0
2619,0,0
2620,0,0
2621,0,0
2622,0,-0.001
2623,0,0.001
2624,0,0
2625,0,-0.001
2626,0,0
2627,0,0
2628,0,0
2629,0,0
2630,0,-0.001
2631,0,-0.001
2632,0,0.001
2633,0,0.001
2634,0,0
2635,0,0
2636,0,0
2637,0,-0.001
2638,0,0.001
2639,0,0.001
2640,0,0
2641,0,0
2642,0,0
2643,0,0
2644,0,-0.001
2645,0,0
2646,0,0.001
2647,0,0
2648,0,0
2649,0,0
2650,0,0
2651,0,0
2652,0,0.001
2653,0,0
2654,0,0
2655,0,0
2656,0,0
2657,0,0
2658,0,0
2659,0,0
2660,0,0
2661,0,0
2662,0,0
2663,0,-0.001
2664,0,0
2665,0,0
2666,0,0
2667,0,0
2668,0,0
2669,0,0
2670,0,0
2671,0,0
2672,0,0
2673,0,-0.001
2674,0,-0.002
2675,0,0
2676,0,0
2677,0,0
2678,0,0
2679,0,0
2680,0,0
2681,0,-0.001
2682,0,0
2683,0,-0.001
2684,0,0.001
2685,0,0
2686,0,0
2687,0,0
2688,0,0
2689,0,0
2690,0,0
2691,0,0
2692,0,0
2693,0,0
2694,0,0
2695,0,0
2696,0,-0.001
2697,0,0.001
2698,0,0
2699,0,0
2700,0,0
2701,0,0
2702,0,0
2703,0,0
2704,0,-0.001
2705,0,0
2706,0,0
2707,0,0
2708,0,0
2709,0,0.001
2710,0,0.001
2711,0,0
2712,0,0
2713,0,0
2714,0,0
2715,0,-0.001
2716,0,0.001
2717,0,0
2718,0,0
2719,0,0
2720,0,-0.001
2721,0,0.001
2722,0,-0.001
2723,0,-0.001
2724,0,0
2725,0,0
2726,0,0.001
2727,0,-0.001
2728,0,0
2729,0,0.001
2730,0,0
2731,0,0
2732,0,0
2733,0,0
2734,0,0
2735,0,0
2736,0,0
2737,0,0
2738,0,0
2739,0,0
2740,0,0
2741,0,0
2742,0,0.001
2743,0,0
2744,0,0
2745,0,0
2746,0,0
2747,0,0
2748,0,0
2749,0,0.001
2750,0,0
2751,0,0
2752,0,0
2753,0,-0.001
2754,0,0
2755,0,0.001
2756,0,0
2757,0,0
2758,0,0
2759,0,0
2760,0,-0.001
2761,0,0
2762,0,0
2763,0,0
2764,0,0
2765,0,0
2766,0,-0.002
2767,0,0
2768,0,0
2769,0,0
2770,0,0
2771,0,0
2772,0,-0.001
2773,0,0
2774,0,0
2775,0,0
2776,0,0
2777,0,0
2778,0,0
2779,0,0
2780,0,0
2781,0,0
2782,0,0
2783,0,0
2784,0,0
2785,0,-0.001
2786,0,0
2787,0,0.001
2788,0,0.001
2789,0,0
2790,0,0
2791,0,0
2792,0,0
2793,0,0
2794,0,0
2795,0,0
2796,0,0
2797,0,0
2798,0,0
2799,0,0
2800,0,0
2801,0,0
2802,0,0
2803,0,0
2804,0,-0.001
2805,0,0.001
2806,0,0.001
2807,0,0
2808,0,0
2809,0,0
2810,0,0
2811,0,0.001
2812,0,0
2813,0,0
2814,0,0
2815,0,0
2816,0,0
2817,0,-0.001
2818,0,-0.002
2819,0,0.001
2820,0,0.001
2821,0,0
2822,0,0
2823,0,0
2824,0,-0.001
2825,0,0
2826,0,0.001
2827,0,0
2828,0,0
2829,0,0
2830,0,0
2831,0,0
2832,0,-0.001
2833,0,0
2834,0,0
2835,0,0
2836,0,0
2837,0,-0.001
2838,0,0
2839,0,0.001
2840,0,0
2841,0,0
2842,0,0
2843,0,0
2844,0,0
2845,0,0
2846,0,0
2847,0,0
2848,0,0
2849,0,0
2850,0,-0.001
2851,0,0
2852,0,0
2853,0,0
2854,0,0
2855,0,0
2856,0,-0.001
2857,0,0
2858,0,0
2859,0,0
2860,0,0
2861,0,0
2862,0,0
2863,0,0
2864,0,0
2865,0,0
2866,0,0
2867,0,0
2868,0,0
2869,0,-0.001
2870,0,-0.001
2871,0,0.001
2872,0,0
2873,0,0
2874,0,0
2875,0,0
2876,0,0
2877,0,0
2878,0,0.001
2879,0,0
2880,0,0
2881,0,0
2882,0,-0.001
2883,0,-0.001
2884,0,0
2885,0,0
2886,0,0
2887,0,0
2888,0,-0.001
2889,0,0
2890,0,-0.001
2891,0,0
2892,0,0
2893,0,0
2894,0,0
2895,0,0
2896,0,0.001
2897,0,0
2898,0,0
2899,0,0
2900,0,0
2901,0,0
2902,0,0
2903,0,0
2904,0,-0.001
2905,0,0
2906,0,0
2907,0,0
2908,0,-0.001
2909,0,0
2910,0,0.001
2911,0,0
2912,0,0
2913,0,0
2914,0,0
2915,0,0
2916,0,0.001
2917,0,0
2918,0,0
2919,0,0
2920,0,0
2921,0,0
2922,0,0
2923,0,0
2924,0,0
2925,0,0
2926,0,0
2927,0,0
2928,0,0
2929,0,0
2930,0,0.001
2931,0,0
2932,0,0
2933,0,0
2934,0,0
2935,0,0
2936,0,0
2937,0,0
2938,0,0
2939,0,0.001
2940,0,0
2941,0,0
2942,0,0
2943,0,0
2944,0,0
2945,0,0
2946,0,0
2947,0,0
2948,0,0
2949,0,0.001
2950,0,0.001
2951,0,0
2952,0,0
2953,0,0
2954,0,0
2955,0,0
2956,0,0
2957,0,0
2958,0,0.001
2959,0,0
2960,0,-0.001
2961,0,0
2962,0,0
2963,0,0
2964,0,0
2965,0,0
2966,0,0
2967,0,0
2968,0,0
2969,0,0
2970,0,-0.001
2971,0,0.001
2972,0,0
2973,0,0
2974,0,0
2975,0,0
2976,0,0
2977,0,0
2978,0,0
2979,0,0
2980,0,0
2981,0,0
2982,0,0
2983,0,0.001
2984,0,0
2985,0,0
2986,0,0
2987,0,0
2988,0,0
2989,0,0
2990,0,0
2991,0,0.001
2992,0,0.001
2993,0,0
2994,0,0
2995,0,0
2996,0,0
2997,0,0
2998,0,0
2999,0,0
3000,0,0
3001,0,0
3002,0,0
3003,0,0.001
3004,0,0
3005,0,0
3006,0,0
3007,0,0
3008,0,0
3009,0,0
3010,0,-0.001
3011,0,-0.001
3012,0,0
3013,0,0.001
3014,0,0
3015,0,0
3016,0,0
3017,0,0
3018,0,0
3019,0,0
3020,0,0
3021,0,-0.001
3022,0,0
3023,0,0
3024,0,0
3025,0,0
3026,0,0
3027,0,0
3028,0,0
3029,0,0
3030,0,0
3031,0,0
3032,0,0
3033,0,0.001
3034,0,-0.001
3035,0,0
3036,0,0
3037,0,0
3038,0,0
3039,0,0
3040,0,0
3041,0,0
3042,0,-0.001
3043,0,-0.001
3044,0,-0.001
3045,0,0
3046,0,0
3047,0,0
3048,0,0
3049,0,0
3050,0,0
3051,0,0
3052,0,0
3053,0,0
3054,0,0
3055,0,0
3056,0,0.001
3057,0,0.001
3058,0,0
3059,0,0
3060,0,0
3061,0,0
3062,0,0
3063,0,-0.001
3064,0,0
3065,0,0
3066,0,-0.001
3067,0,0
3068,0,0
3069,0,0
3070,0,0
3071,0,0
3072,0,0
3073,0,0
3074,0,-0.001
3075,0,0
3076,0,0
3077,0,0.001
3078,0,0.001
3079,0,0
3080,0,0
3081,0,0
3082,0,0
3083,0,0
3084,0,0
3085,0,0
3086,0,0
3087,0,0
3088,0,0
3089,0,0
3090,0,0
3091,0,0
3092,0,0
3093,0,0
3094,0,0
3095,0,-0.001
3096,0,0.001
3097,0,-0.001
3098,0,0
3099,0,0.001
3100,0,0
3101,0,0
3102,0,0
3103,0,0
3104,0,0
3105,0,-0.001
3106,0,0.001
3107,0,0
3108,0,0
3109,0,0
3110,0,0
3111,0,0
3112,0,0
3113,0,0
3114,0,0
3115,0,0
3116,0,-0.001
3117,0,-0.001
3118,0,-0.001
3119,0,0
3120,0,0
3121,0,0
3122,0,0
3123,0,0
3124,0,0
3125,0,0
3126,0,0
3127,0,-0.001
3128,0,0.001
3129,0,0.001
3130,0,0
3131,0,0
3132,0,0
3133,0,0
3134,0,0
3135,0,0
3136,0,0
3137,0,0
3138,0,0
3139,0,0.001
3140,0,0.001
3141,0,0
3142,0,0
3143,0,0
3144,0,0
3145,0,0
3146,0,0
3147,0,0
3148,0,-0.001
3149,0,-0.001
3150,0,0
3151,0,-0.001
3152,0,0
3153,0,0
3154,0,0
3155,0,0
3156,0,0
3157,0,0
3158,0,-0.001
3159,0,0
3160,0,0.001
3161,0,0
3162,0,0
3163,0,0
3164,0,0
3165,0,0
3166,0,0
3167,0,0
3168,0,-0.001
3169,0,0
3170,0,-0.001
3171,0,0
3172,0,0
3173,0,0
3174,0,0
3175,0,0
3176,0,0
3177,0,0
3178,0,0
3179,0,-0.001
3180,0,0
3181,0,0
3182,0,0.001
3183,0,0
3184,0,0
3185,0,0
3186,0,0
3187,0,0
3188,0,0
3189,0,0
3190,0,0
3191,0,0
3192,0,0
3193,0,0
3194,0,0
3195,0,0
3196,0,0
3197,0,0
3198,0,0
3199,0,0
3200,0,-0.001
3201,0,0
3202,0,0.001
3203,0,0
3204,0,0
3205,0,0
3206,0,0
3207,0,0
3208,0,0
3209,0,0
3210,0,0
3211,0,0
3212,0,0
3213,0,0.001
3214,0,0.001
3215,0,0
3216,0,0
3217,0,0
3218,0,0
3219,0,0
3220,0,0
3221,0,-0.001
3222,0,0
3223,0,0
3224,0,-0.001
3225,0,0
3226,0,0
3227,0,0
3228,0,0
3229,0,0
3230,0,0
3231,0,0
3232,0,-0.001
3233,0,0.001
3234,0,-0.001
3235,0,0
3236,0,0
3237,0,0
3238,0,0
3239,0,0
3240,0,0
3241,0,0
3242,0,-0.001
3243,0,0
3244,0,0
3245,0,-0.001
3246,0,0
3247,0,0
3248,0,0
3249,0,0
3250,0,0
3251,0,0
3252,0,0
3253,0,0
3254,0,0
3255,0,0.001
3256,0,-0.001
3257,0,0
3258,0,0
3259,0,0
3260,0,0
3261,0,0
3262,0,0
3263,0,-0.001
3264,0,0
3265,0,0
3266,0,-0.001
3267,0,0
3268,0,0
3269,0,0
3270,0,0
3271,0,0
3272,0,0
3273,0,0
3274,0,0
3275,0,0
3276,0,0
3277,0,0
3278,0,0
3279,0,0
3280,0,0
3281,0,0
3282,0,0
3283,0,0
3284,0,0
3285,0,0
3286,0,0
3287,0,0
3288,0,0
3289,0,0
3290,0,0
3291,0,0
3292,0,0
3293,0,0
3294,0,0
3295,0,0
3296,0,0
3297,0,0
3298,0,0
3299,0,0
3300,0,0
3301,0,0
3302,0,0
3303,0,0
3304,0,0
3305,0,0
3306,0,0
3307,0,0
3308,0,0
3309,0,0
3310,0,0
3311,0,0
3312,0,0
3313,0,0
3314,0,0
3315,0,0
3316,0,0
3317,0,0
3318,0,0
3319,0,0
3320,0,0
3321,0,0
3322,0,0
3323,0,0
3324,0,0
3325,0,0
3326,0,0
3327,0,0
3328,0,0
3329,0,0
3330,0,0
3331,0,0
3332,0,0
3333,0,0
3334,0,0
3335,0,0
3336,0,0
3337,0,0
3338,0,0
3339,0,0
3340,0,0
3341,0,0
3342,0,0
3343,0,0
3344,0,0
3345,0,0
3346,0,0
3347,0,0
3348,0,0
3349,0,0
3350,0,0
3351,0,0
3352,0,0
3353,0,0
3354,0,0
3355,0,0
3356,0,0
3357,0,0
3358,0,0
3359,0,0
3360,0,0
3361,0,0
3362,0,0
3363,0,0
3364,0,0
3365,0,0
3366,0,0
3367,0,0
3368,0,0
3369,0,0
3370,0,0
3371,0,0
3372,0,0
3373,0,0
3374,0,0
3375,0,0
3376,0,0
3377,0,0
3378,0,0
3379,0,0
3380,0,0
3381,0,0
3382,0,0
3383,0,0
3384,0,0
3385,0,0
3386,0,0
3387,0,0
3388,0,0
3389,0,0
3390,0,0
3391,0,0
3392,0,0
3393,0,0
3394,0,0
3395,0,0
3396,0,0
3397,0,0
3398,0,0
3399,0,0
3400,0,0
3401,0,0
3402,0,0
3403,0,0
3404,0,0
3405,0,0
3406,0,0
3407,0,0
3408,0,0
3409,0,0
3410,0,0
3411,0,0
3412,0,0
3413,0,0
3414,0,0
3415,0,0
3416,0,0
3417,0,0
3418,0,0
3419,0,0
3420,0,0
3421,0,0
3422,0,0
3423,0,0
3424,0,0
3425,0,0
3426,0,0
3427,0,0
3428,0,0
3429,0,0
3430,0,0
3431,0,0
3432,0,0
3433,0,0
3434,0,0
3435,0,0
3436,0,0
3437,0,0
3438,0,0
3439,0,0
3440,0,0
3441,0,0
3442,0,0
3443,0,0
3444,0,0
3445,0,0
3446,0,0
3447,0,0
3448,0,0
3449,0,0
3450,0,0
3451,0,0
3452,0,0
3453,0,0
3454,0,0
3455,0,0
3456,0,0
3457,0,0
3458,0,0
3459,0,0
3460,0,0
3461,0,0
3462,0,0
3463,0,0
3464,0,0
3465,0,0
3466,0,0
3467,0,0
3468,0,0
3469,0,0
3470,0,0
3471,0,0
3472,0,0
3473,0,0
3474,0,0
3475,0,0
3476,0,0
3477,0,0
3478,0,0
3479,0,0
3480,0,0
3481,0,0
3482,0,0
3483,0,0
3484,0,0
3485,0,0
3486,0,0
3487,0,0
3488,0,0
3489,0,0
3490,0,0
3491,0,0
3492,0,0
3493,0,0
3494,0,0
3495,0,0
3496,0,0
3497,0,0
3498,0,0
3499,0,0
3500,0,0
3501,0,0
3502,0,0
3503,0,0
3504,0,0
3505,0,0
3506,0,0
3507,0,0
3508,0,0
3509,0,0
3510,0,0
3511,0,0
3512,0,0
3513,0,0
3514,0,0
3515,0,0
3516,0,0
3517,0,0
3518,0,0
3519,0,0
3520,0,0
3521,0,0
3522,0,0
3523,0,0
3524,0,0
3525,0,0
3526,0,0
3527,0,0
3528,0,0
3529,0,0
3530,0,0
3531,0,0
3532,0,0
3533,0,0
3534,0,0
3535,0,0
3536,0,0
3537,0,0
3538,0,0
3539,0,0
3540,0,0
3541,0,0
3542,0,0
3543,0,0
3544,0,0
3545,0,0
3546,0,0
3547,0,0
3548,0,0
3549,0,0
3550,0,0
3551,0,0
3552,0,0
3553,0,0
3554,0,0
3555,0,0
3556,0,0
3557,0,0
3558,0,0
3559,0,0
3560,0,0
3561,0,0
3562,0,0
3563,0,0
3564,0,0
3565,0,0
3566,0,0
3567,0,0
3568,0,0
3569,0,0
3570,0,0
3571,0,0
3572,0,0
3573,0,0
3574,0,0
3575,0,0
3576,0,0
3577,0,0
3578,0,0
3579,0,0
3580,0,0
3581,0,0
3582,0,0
3583,0,0
3584,0,0
3585,0,0
3586,0,0
3587,0,0
3588,0,0
3589,0,0
3590,0,0
3591,0,0
3592,0,0
3593,0,0
3594,0,0
3595,0,0
3596,0,0
3597,0,0
3598,0,0
3599,0,0
3600,0,0
3601,0,0
3602,0,0
3603,0,0
3604,0,0
3605,0,0
3606,0,0
3607,0,0
3608,0,0
3609,0,0
3610,0,0
3611,0,0
3612,0,0
3613,0,0
3614,0,0
3615,0,0
3616,0,0
3617,0,0
3618,0,0
3619,0,0
3620,0,0
3621,0,0
3622,0,0
3623,0,0
3624,0,0
3625,0,0
3626,0,0
3627,0,0
3628,0,0
3629,0,0
3630,0,0
3631,0,0
3632,0,0
3633,0,0
3634,0,0
3635,0,0
3636,0,0
3637,0,0
3638,0,0
3639,0,0
3640,0,0
3641,0,0
3642,0,0
3643,0,0
3644,0,0
3645,0,0
3646,0,0
3647,0,0
3648,0,0
3649,0,0
3650,0,0
3651,0,0
3652,0,0
3653,0,0
3654,0,0
3655,0,0
3656,0,0
3657,0,0
3658,0,0
3659,0,0
3660,0,0
3661,0,0
3662,0,0
3663,0,0
3664,0,0
3665,0,0
3666,0,0
3667,0,0
3668,0,0
3669,0,0
3670,0,0
3671,0,0
3672,0,0
3673,0,0
3674,0,0
3675,0,0
3676,0,0
3677,0,0
3678,0,0
3679,0,0
3680,0,0
3681,0,0
3682,0,0
3683,0,0
3684,0,0
3685,0,0
3686,0,0
3687,0,0
3688,0,0
3689,0,0
3690,0,0
3691,0,0
3692,0,0
3693,0,0
3694,0,0
3695,0,0
3696,0,0
3697,0,0
3698,0,0
3699,0,0
3700,0,0
3701,0,0
3702,0,0
3703,0,0
3704,0,0
3705,0,0
3706,0,0
3707,0,0
3708,0,0
3709,0,0
3710,0,0
3711,0,0
3712,0,0
3713,0,0
3714,0,0
3715,0,0
3716,0,0
3717,0,0
3718,0,0
3719,0,0
3720,0,0
3721,0,0
3722,0,0
3723,0,0
3724,0,0
3725,0,0
3726,0,0
3727,0,0
3728,0,0
3729,0,0
3730,0,0
3731,0,0
3732,0,0
3733,0,0
3734,0,0
3735,0,0
3736,0,0
3737,0,0
3738,0,0
3739,0,0
3740,0,0
3741,0,0
3742,0,0
3743,0,0
3744,0,0
3745,0,0
3746,0,0
3747,0,0
3748,0,0
3749,0,0
3750,0,0
3751,0,0
3752,0,0
3753,0,0
3754,0,0
3755,0,0
3756,0,0
3757,0,0
3758,0,0
3759,0,0
3760,0,0
3761,0,0
3762,0,0
3763,0,0
3764,0,0
3765,0,0
3766,0,0
3767,0,0
3768,0,0
3769,0,0
3770,0,0
3771,0,0
3772,0,0
3773,0,0
3774,0,0
3775,0,0
3776,0,0
3777,0,0
3778,0,0
3779,0,0
3780,0,0
3781,0,0
3782,0,0
3783,0,0
3784,0,0
3785,0,0
3786,0,0
3787,0,0
3788,0,0
3789,0,0
3790,0,0
3791,0,0
3792,0,0
3793,0,0
3794,0,0
3795,0,0
3796,0,0
3797,0,0
3798,0,0
3799,0,0
3800,0,0
3801,0,0
3802,0,0
3803,0,0
3804,0,0
3805,0,0
3806,0,0
3807,0,0
3808,0,0
3809,0,0
3810,0,0
3811,0,0
3812,0,0
3813,0,0
3814,0,0
3815,0,0
3816,0,0
3817,0,0
3818,0,0
3819,0,0
3820,0,0
3821,0,0
3822,0,0
3823,0,0
3824,0,0
3825,0,0
3826,0,0
3827,0,0
3828,0,0
3829,0,0
3830,0,0
3831,0,0
3832,0,0
3833,0,0
3834,0,0
3835,0,0
3836,0,0
3837,0,0
3838,0,0
3839,0,0
3840,0,0
3841,0,0
3842,0,0
3843,0,0
3844,0,0
3845,0,0
3846,0,0
3847,0,0
3848,0,0
3849,0,0
3850,0,0
3851,0,0
3852,0,0
3853,0,0
3854,0,0
3855,0,0
3856,0,0
3857,0,0
3858,0,0
3859,0,0
3860,0,0
3861,0,0
3862,0,0
3863,0,0
3864,0,0
3865,0,0
3866,0,0
3867,0,0
3868,0,0
3869,0,0
3870,0,0
3871,0,0
3872,0,0
3873,0,0
3874,0,0
3875,0,0
3876,0,0
3877,0,0
3878,0,0
3879,0,0
3880,0,0
3881,0,0
3882,0,0
3883,0,0
3884,0,0
3885,0,0
3886,0,0
3887,0,0
3888,0,0
3889,0,0
3890,0,0
3891,0,0
3892,0,0
3893,0,0
3894,0,0
3895,0,0
3896,0,0
3897,0,0
3898,0,0
3899,0,0
3900,0,0
3901,0,0
3902,0,0
3903,0,0
3904,0,0
3905,0,0
3906,0,0
3907,0,0
3908,0,0
3909,0,0
3910,0,0
3911,0,0
3912,0,0
3913,0,0
3914,0,0
3915,0,0
3916,0,0
3917,0,0
3918,0,0
3919,0,0
3920,0,0
3921,0,0
3922,0,0
3923,0,0
3924,0,0
3925,0,0
3926,0,0
3927,0,0
3928,0,0
3929,0,0
3930,0,0
3931,0,0
3932,0,0
3933,0,0
3934,0,0
3935,0,0
3936,0,0
3937,0,0
3938,0,0
3939,0,0
3940,0,0
3941,0,0
3942,0,0
3943,0,0
3944,0,0
3945,0,0
3946,0,0
3947,0,0
3948,0,0
3949,0,0
3950,0,0
3951,0,0
3952,0,0
3953,0,0
3954,0,0
3955,0,0
3956,0,0
3957,0,0
3958,0,0
3959,0,0
3960,0,0
3961,0,0
3962,0,0
3963,0,0
3964,0,0
3965,0,0
3966,0,0
3967,0,0
3968,0,0
3969,0,0
3970,0,0
3971,0,0
3972,0,0
3973,0,0
3974,0,0
3975,0,0
3976,0,0
3977,0,0
3978,0,0
3979,0,0
3980,0,0
3981,0,0
3982,0,0
3983,0,0
3984,0,0
3985,0,0
3986,0,0
3987,0,0
3988,0,0
3989,0,0
3990,0,0
3991,0,0
3992,0,0
3993,0,0
3994,0,0
3995,0,0
3996,0,0
3997,0,0
3998,0,0
3999,0,0
4000,0,0
4001,0,0
4002,0,0
4003,0,0
4004,0,0
4005,0,0
4006,0,0
4007,0,0
4008,0,0
4009,0,0
4010,0,0
4011,0,0
4012,0,0
4013,0,0
4014,0,0
4015,0,0
4016,0,0
4017,0,0
4018,0,0
4019,0,0
4020,0,0
4021,0,0
4022,0,0
4023,0,0
4024,0,0
4025,0,0
4026,0,0
4027,0,0
4028,0,0
4029,0,0
4030,0,0
4031,0,0
4032,0,0
4033,0,0
4034,0,0
4035,0,0
4036,0,0
4037,0,0
4038,0,0
4039,0,0
4040,0,0
4041,0,0
4042,0,0
4043,0,0
4044,0,0
4045,0,0
4046,0,0
4047,0,0
4048,0,0
4049,0,0
4050,0,0
4051,0,0
4052,0,0
4053,0,0
4054,0,0
4055,0,0
4056,0,0
4057,0,0
4058,0,0
4059,0,0
4060,0,0
4061,0,0
4062,0,0
4063,0,0
4064,0,0
4065,0,0
4066,0,0
4067,0,0
4068,0,0
4069,0,0
4070,0,0
4071,0,0
4072,0,0
4073,0,0
4074,0,0
4075,0,0
4076,0,0
4077,0,0
4078,0,0
4079,0,0
4080,0,0
4081,0,0
4082,0,0
4083,0,0
4084,0,0
4085,0,0
4086,0,0
4087,0,0
4088,0,0
4089,0,0
4090,0,0
4091,0,0
4092,0,0
4093,0,0
4094,0,0
4095,0,0
4097,0,-0.001
4099,0,-0.001
4100,0,0
4101,0,0
4104,0,0
4105,0,0
4106,0,0
4109,0,0
4110,0,0
4112,0,0
4114,0,-0.001
4115,0,0
4117,0,-0.001
4118,0,0.001
4122,0,0
4123,0,0
4127,0,0
4128,0,0
4132,0,0
4133,0,0
4134,0,0
4135,0,-0.001
4136,0,0
4139,0,0
4140,0,0
4141,0,0
4145,0,0
4146,0,0
4150,0,0
4151,0,0
4153,0,0
4154,0,0
4156,0,0
4158,0,-0.001
4159,0,0
4163,0,0
4164,0,0
4168,0,0
4169,0,0
4171,0,0
4172,0,0
4175,0,0
4176,0,0
4177,0,0
4179,0,0
4180,0,0.001
4181,0,-0.001
4182,0,0.001
4183,0,-0.002
4186,0,0
4187,0,0
4188,0,0
4189,0,0
4190,0,0
4194,0,0
4195,0,0
4199,0,0
4200,0,-0.001
4204,0,0.001
4205,0,0
4207,0,0
4208,0,0
4210,0,0
4212,0,0
4213,0,0
4215,0,0.001
4216,0,0
4217,0,0
4218,0,0
4220,0,0
4221,0,0
4222,0,0
4223,0,0
4224,0,0.001
4225,0,0
4226,0,0
4229,0,0
4230,0,0
4231,0,0
4235,0,0
4236,0,0
4240,0,0
4241,0,-0.001
4243,0,-0.001
4244,0,0
4246,0,0
4248,0,0
4249,0,0
4251,0,0
4253,0,0
4254,0,0
4257,0,0
4258,0,0
4259,0,0
4261,0,0
4262,0,-0.001
4265,0,-0.001
4266,0,0
4267,0,0.002
4268,0,0.001
4271,0,0
4272,0,0
4273,0,0
4276,0,0
4277,0,0
4278,0,0
4279,0,0
4280,0,0
4284,0,0
4285,0,0
4289,0,0
4290,0,0
4294,0,0
4295,0,0
4297,0,0
4298,0,0
4300,0,0
4302,0,0
4303,0,0
4306,0,0
4307,0,0
4308,0,-0.001
4310,0,0.001
4311,0,0
4312,0,0
4313,0,0
4315,0,0
4316,0,0
4317,0,0
4318,0,0.001
4320,0,0
4321,0,0
4322,0,0
4325,0,0
4326,0,-0.001
4328,0,-0.001
4330,0,0.001
4331,0,-0.002
4333,0,0
4334,0,0
4338,0,0
4339,0,0
4343,0,0
4344,0,0
4347,0,0
4348,0,0
4349,0,0
4351,0,0.001
4352,0,0
4356,0,0
4357,0,0
4358,0,0
4361,0,0
4362,0,0
4363,0,0
4366,0,0
4367,0,0
4369,0,0
4370,0,-0.001
4374,0,0
4375,0,0
4379,0,0
4380,0,0
4384,0,0
4385,0,0
4387,0,0
4388,0,0
4390,0,0
4392,0,0.001
4393,0,-0.001
4396,0,0
4397,0,0
4398,0,0
4401,0,0
4402,0,0
4403,0,0
4405,0,0
4406,0,0
4407,0,0
4408,0,-0.001
4410,0,0
4411,0,0
4412,0,0
4413,0,0.001
4415,0,0.001
4416,0,0
4420,0,0
4421,0,0
4423,0,0
4424,0,0
4426,0,0
4428,0,0
4429,0,0
4431,0,0
4433,0,0
4434,0,-0.001
4436,0,0
4437,0,0.001
4438,0,0
4439,0,0
4441,0,0
4442,0,0
4446,0,0
4447,0,0
4448,0,0
4451,0,0
4452,0,0
4453,0,0
4456,0,0
4457,0,0
4459,0,0
4460,0,0
4464,0,0
4465,0,-0.001
4469,0,0
4470,0,0
4474,0,0
4475,0,0
4477,0,0.001
4478,0,0
4481,0,0
4482,0,0
4483,0,0
4486,0,0
4487,0,0
4488,0,0
4491,0,0
4492,0,0
4493,0,0
4495,0,0
4496,0,0
4497,0,0
4498,0,0
4500,0,0.001
4501,0,0
4505,0,0
4506,0,0
4510,0,0
4511,0,0
4513,0,0
4514,0,-0.001
4516,0,-0.001
4518,0,-0.001
4519,0,0.001
4523,0,0.001
4524,0,0
4528,0,0
4529,0,0
4530,0,0
4531,0,0
4532,0,0
4535,0,0
4536,0,0
4537,0,-0.001
4538,0,-0.001
4541,0,0
4542,0,0
4543,0,0
4546,0,0
4547,0,0
4549,0,0
4550,0,0
4554,0,0
4555,0,0
4557,0,0
4559,0,0
4560,0,0
4562,0,-0.001
4564,0,0
4565,0,0
4567,0,0
4568,0,0
4570,0,0.001
4572,0,0
4573,0,0
4577,0,0
4578,0,0
4579,0,-0.001
4582,0,0
4583,0,-0.001
4584,0,0
4585,0,0
4586,0,0
4590,0,0
4591,0,0.001
4595,0,0
4596,0,0
4598,0,-0.001
4600,0,0
4601,0,-0.001
4603,0,0
4604,0,0
4606,0,0
4608,0,0
4609,0,0
4612,0,0
4613,0,0
4614,0,0
4617,0,0
4618,0,0
4619,0,0
4620,0,0
4621,0,0
4622,0,-0.001
4624,0,0.001
4625,0,0.002
4626,0,0
4627,0,0
4631,0,0
4632,0,0
4634,0,-0.001
4636,0,0
4637,0,0
4639,0,0
4640,0,0
4642,0,0
4644,0,0
4645,0,-0.001
4647,0,0
4649,0,0
4650,0,0
4653,0,0
4654,0,0
4655,0,0
4657,0,0
4658,0,0
4662,0,0
4663,0,0.001
4665,0,0
4667,0,-0.001
4668,0,0
4669,0,0
4672,0,0
4673,0,0
4674,0,0
4675,0,0
4676,0,0
4680,0,0
4681,0,0
4685,0,0
4686,0,0
4688,0,0.001
4690,0,0.001
4691,0,0
4693,0,0
4694,0,0
4696,0,0
4698,0,0
4699,0,0
4702,0,0
4703,0,0
4704,0,0
4707,0,0
4708,0,0
4709,0,-0.001
4711,0,0.001
4712,0,0
4713,0,0
4716,0,0
4717,0,0
4718,0,0
4721,0,0
4722,0,0
4724,0,0
4726,0,0
4727,0,-0.001
4729,0,0.001
4730,0,-0.001
4732,0,0
4734,0,0
4735,0,0
4737,0,0
4739,0,-0.001
4740,0,0.001
4743,0,0
4744,0,0.001
4745,0,0
4747,0,0.001
4748,0,0
4752,0,0.001
4753,0,0
4754,0,0
4757,0,0
4758,0,0
4759,0,0
4762,0,0
4763,0,0
4765,0,0
4766,0,0
4767,0,0
4768,0,-0.001
4770,0,0
4771,0,0
4773,0,0
4775,0,0
4776,0,0
4778,0,0
4780,0,0
4781,0,0
4784,0,0
4786,0,0
4788,0,0
4789,0,0
4792,0,0.002
4793,0,0.002
4794,0,0
4797,0,0
4798,0,0
4799,0,0
4803,0,0
4804,0,0
4806,0,0
4807,0,0
4808,0,0
4811,0,0
4812,0,0
4814,0,0
4816,0,0
4817,0,0
4819,0,0
4821,0,0.001
4822,0,0
4824,0,0
4825,0,0
4829,0,-0.001
4830,0,-0.001
4834,0,-0.002
4835,0,0
4836,0,0
4839,0,0
4840,0,0
4841,0,0
4842,0,0
4843,0,0
4846,0,0
4847,0,-0.001
4848,0,0
4852,0,0
4853,0,0
4857,0,0
4858,0,0
4860,0,0
4861,0,0
4863,0,0
4865,0,0
4866,0,0
4868,0,0
4870,0,-0.001
4871,0,0
4874,0,0
4875,0,0
4876,0,0
4878,0,0
4879,0,-0.001
4883,0,0
4884,0,0
4885,0,0
4888,0,0
4889,0,0
4890,0,0
4891,0,0
4893,0,0
4894,0,0.002
4896,0,0
4897,0,0
4901,0,0
4902,0,0
4906,0,0.001
4907,0,0
4911,0,0
4912,0,0
4914,0,-0.001
4915,0,-0.001
4917,0,0
4919,0,0
4920,0,0.001
4924,0,0
4925,0,0
4926,0,0
4929,0,0
4930,0,0
4931,0,0
4932,0,0
4933,0,-0.001
4937,0,0
4938,0,0
4942,0,0
4943,0,0
4947,0,0
4948,0,0
4950,0,0
4951,0,0
4953,0,0.001
4955,0,0
4956,0,0.001
4960,0,0
4961,0,-0.001
4965,0,0
4966,0,0
4967,0,0
4968,0,0
4969,0,0
4972,0,0
4973,0,0.001
4974,0,0.001
4978,0,0
4979,0,0
4981,0,-0.001
4983,0,0
4984,0,0
4986,0,0
4987,0,0
4988,0,0
4991,0,0
4992,0,0
4994,0,-0.001
4996,0,0.001
4997,0,0.001
4999,0,0.001
5001,0,0
5002,0,0
5004,0,0
5005,0,0
5009,0,0
5010,0,0
5014,0,-0.001
5015,0,0
5016,0,0
5017,0,-0.001
5019,0,0.001
5020,0,0.001
5021,0,0
5022,0,0.001
5023,0,0
5027,0,0
5028,0,0
5032,0,0
5033,0,0
5035,0,-0.001
5037,0,0
5038,0,0
5040,0,0.001
5041,0,0.001
5045,0,0
5046,0,0
5050,0,0
5051,0,0
5055,0,-0.001
5056,0,0
5057,0,0
5058,0,0
5059,0,-0.001
5061,0,-0.001
5062,0,0
5063,0,0
5064,0,0
5068,0,-0.001
5069,0,0
5073,0,0
5074,0,0
5076,0,0
5077,0,0.001
5079,0,0
5081,0,0.001
5082,0,0
5084,0,0.001
5086,0,0
5087,0,0
5089,0,0
5091,0,0
5092,0,0
5094,0,0
5095,0,0
5097,0,0
5098,0,-0.001
5099,0,0
5100,0,0.001
5103,0,-0.001
5104,0,0
5105,0,0
5109,0,0
5110,0,0
5112,0,0
5113,0,0
5114,0,0
5115,0,-0.001
5117,0,0.002
5118,0,-0.001
5120,0,0
5122,0,0.001
5123,0,0
5127,0,0
5128,0,0
5130,0,0
5131,0,0
5133,0,0
5135,0,-0.001
5136,0,0.001
5139,0,0
5140,0,0
5141,0,0
5144,0,0.001
5145,0,0
5146,0,0
5148,0,0.001
5149,0,0
5150,0,0
5153,0,0
5154,0,0
5155,0,-0.001
5158,0,0
5159,0,0.001
5160,0,0.002
5163,0,0
5164,0,0.002
5166,0,0
5167,0,0
5171,0,0
5172,0,0
5176,0,0
5177,0,0
5181,0,0
5182,0,-0.003
5184,0,0.001
5185,0,0.001
5187,0,0.001
5189,0,0
5190,0,0
5194,0,0
5195,0,0
5196,0,0
5199,0,0
5200,0,0
5201,0,-0.001
5202,0,0
5203,0,-0.001
5207,0,0
5208,0,-0.001
5212,0,0
5213,0,0
5217,0,0
5218,0,0
5220,0,0
5221,0,0
5223,0,0
5225,0,0
5226,0,0
5230,0,0
5231,0,0
5235,0,0
5236,0,0
5237,0,0
5238,0,0
5239,0,0
5242,0,0
5243,0,0
5244,0,0
5245,0,0
5246,0,0.001
5248,0,0.001
5249,0,0
5251,0,0.001
5253,0,0
5254,0,0
5256,0,0
5257,0,0
5261,0,-0.001
5262,0,0
5264,0,0
5266,0,0.001
5267,0,0
5271,0,0
5272,0,0
5274,0,-0.001
5275,0,-0.001
5278,0,0.001
5279,0,0
5280,0,0
5283,0,0
5284,0,0
5285,0,0
5289,0,0.001
5290,0,-0.001
5292,0,0.001
5293,0,0
5297,0,0
5298,0,0
5302,0,0
5303,0,0
5307,0,0
5308,0,0
5310,0,0
5311,0,0
5313,0,0
5315,0,-0.001
5316,0,0.001
5319,0,0
5320,0,0
5321,0,0
5324,0,0
5325,0,0
5326,0,-0.001
5327,0,0
5328,0,-0.001
5329,0,0.001
5332,0,0
5333,0,0
5334,0,0
5338,0,0
5339,0,0
5343,0,0
5344,0,0
5346,0,0
5347,0,-0.001
5349,0,-0.003
5351,0,0
5352,0,0
5356,0,0
5357,0,0
5361,0,0
5362,0,0
5363,0,0.001
5364,0,0
5365,0,0
5367,0,-0.001
5368,0,-0.001
5369,0,0
5370,0,0
5373,0,0
5374,0,0
5375,0,0
5379,0,0
5380,0,0.001
5382,0,0
5383,0,0
5384,0,0
5387,0,0
5388,0,0
5390,0,0
5392,0,0
5393,0,0.002
5397,0,0
5398,0,0
5400,0,0
5401,0,0
5403,0,0
5405,0,0.001
5406,0,0
5409,0,0.001
5410,0,0
5411,0,0
5414,0,0
5415,0,0
5416,0,0
5418,0,0
5419,0,0
5420,0,0.001
5423,0,0
5424,0,0
5425,0,0
5428,0,0
5429,0,0
5431,0,-0.001
5433,0,0
5434,0,0
5436,0,0
5437,0,0
5441,0,-0.001
5442,0,0.001
5444,0,0.001
5446,0,0
5447,0,0.001
5451,0,0
5452,0,0.001
5453,0,0
5454,0,0
5455,0,0
5457,0,0.001
5458,0,0
5459,0,0
5460,0,0
5464,0,0
5465,0,0
5469,0,0
5470,0,0
5473,0,0
5474,0,0
5475,0,0
5477,0,0
5478,0,0
5480,0,0.001
5482,0,0.001
5483,0,0.001
5487,0,0
5488,0,0
5492,0,0
5493,0,0
5494,0,0
5495,0,0
5496,0,-0.001
5498,0,0.001
5499,0,0
5500,0,0
5501,0,0
5505,0,0
5506,0,0
5507,0,0
5510,0,0.001
5511,0,0
5513,0,0
5514,0,0
5515,0,0
5518,0,0
5519,0,0
5521,0,0
5523,0,0.001
5524,0,0
5526,0,0
5528,0,0
5529,0,0
5531,0,0
5532,0,0
5535,0,0
5536,0,0
5537,0,0
5540,0,0
5541,0,0
5542,0,0
5545,0,-0.001
5546,0,0
5547,0,0
5549,0,-0.001
5550,0,0
5551,0,0
5554,0,0
5555,0,0
5556,0,0
5559,0,0
5560,0,0
5562,0,0
5564,0,0
5565,0,0
5567,0,0
5568,0,0
5572,0,0
5573,0,0.001
5576,0,-0.001
5577,0,0
5578,0,0
5581,0,0
5582,0,0
5583,0,0
5584,0,-0.001
5585,0,0
5586,0,0
5589,0,0.001
5590,0,0
5591,0,0
5595,0,0
5596,0,0
5600,0,0
5601,0,0
5603,0,0
5604,0,0
5606,0,0
5608,0,0
5609,0,0.001
5611,0,0
5613,0,0
5614,0,0
5616,0,0
5618,0,0
5619,0,0
5621,0,0
5622,0,0.001
5624,0,-0.001
5625,0,0
5626,0,0
5627,0,0
5630,0,0
5631,0,0
5632,0,0
5636,0,0
5637,0,-0.002
5638,0,-0.001
5639,0,0
5640,0,-0.001
5644,0,0
5645,0,0
5649,0,-0.001
5650,0,0.001
5652,0,0.001
5654,0,0
5655,0,0
5657,0,0
5658,0,0
5662,0,-0.001
5663,0,-0.001
5665,0,-0.001
5667,0,0
5668,0,0
5672,0,0
5673,0,0
5674,0,0
5675,0,0
5676,0,-0.001
5678,0,0.001
5679,0,0
5680,0,0
5681,0,0
5685,0,0
5686,0,0
5688,0,-0.001
5690,0,0.001
5691,0,0.001
5693,0,0
5694,0,0
5696,0,0
5698,0,0
5699,0,0
5701,0,-0.001
5703,0,0.001
5704,0,0
5707,0,0
5708,0,0
5709,0,0
5711,0,0
5712,0,0
5716,0,0
5717,0,0.001
5718,0,0
5721,0,0
5722,0,0
5723,0,0
5726,0,0
5727,0,0
5729,0,0.001
5730,0,0
5731,0,0
5734,0,0
5735,0,0
5737,0,0
5739,0,0
5740,0,0
5742,0,-0.001
5744,0,0
5745,0,0
5747,0,0
5748,0,0
5752,0,0
5753,0,0
5756,0,0.001
5757,0,0
5758,0,0
5761,0,0
5762,0,0
5763,0,0
5765,0,-0.001
5766,0,0
5767,0,-0.001
5769,0,0.001
5770,0,0
5771,0,0
5775,0,0
5776,0,0
5780,0,0
5781,0,0.001
5783,0,0
5784,0,0
5786,0,0
5788,0,0
5789,0,0
5791,0,0
5793,0,0
5794,0,0
5797,0,0
5798,0,0
5799,0,0
5801,0,0
5802,0,0
5804,0,-0.001
5806,0,0.001
5807,0,0.001
5808,0,0
5809,0,0.001
5811,0,0
5812,0,0
5813,0,0
5816,0,0
5817,0,0
5819,0,0.001
5820,0,-0.001
5824,0,0
5825,0,0
5829,0,0
5830,0,0
5832,0,0
5834,0,0
5835,0,0
5837,0,0
5838,0,0
5842,0,0
5843,0,0
5845,0,0.001
5847,0,0
5848,0,0
5849,0,0
5852,0,0
5853,0,0
5854,0,-0.001
5855,0,0.001
5856,0,0
5857,0,0.001
5860,0,0.001
5861,0,0
5865,0,0
5866,0,0
5870,0,0
5871,0,0
5873,0,0
5874,0,0
5876,0,0
5878,0,0
5879,0,0
5881,0,0
5883,0,0
5884,0,0
5887,0,0
5888,0,0
5889,0,0
5891,0,0
5892,0,0
5894,0,-0.001
5896,0,-0.001
5897,0,-0.001
5898,0,-0.001
5900,0,0
5901,0,0
5902,0,0
5906,0,0
5907,0,0
5909,0,0
5910,0,0
5911,0,0
5914,0,0
5915,0,0
5917,0,0
5919,0,0
5920,0,0
5922,0,0
5924,0,0
5925,0,0
5927,0,0
5928,0,0
5932,0,0
5933,0,0
5937,0,0
5938,0,-0.001
5939,0,0.001
5941,0,-0.001
5942,0,-0.001
5943,0,0
5945,0,0
5946,0,0
5947,0,0
5950,0,0
5951,0,0
5952,0,0
5955,0,0
5956,0,0
5958,0,0
5960,0,0
5961,0,0
5963,0,0
5964,0,0
5966,0,-0.001
5968,0,0
5969,0,0
5971,0,0
5973,0,0
5974,0,0
5977,0,0
5978,0,0
5979,0,0
5980,0,-0.001
5981,0,0
5982,0,-0.001
5984,0,-0.001
5985,0,0
5986,0,0
5987,0,0
5991,0,0
5992,0,0
5996,0,0
5997,0,0
5999,0,0
6000,0,-0.001
6002,0,-0.001
6004,0,-0.001
6005,0,-0.001
6007,0,0
6009,0,0
6010,0,0
6012,0,0
6014,0,0
6015,0,0
6017,0,0
6018,0,0
6021,0,-0.001
6022,0,0
6023,0,-0.001
6026,0,-0.001
6027,0,0
6028,0,0
6032,0,0
6033,0,0
6035,0,0
6036,0,0
6037,0,0
6040,0,0
6041,0,0
6042,0,0
6043,0,0
6045,0,-0.001
6046,0,0.001
6048,0,0
6050,0,0
6051,0,0
6053,0,0
6054,0,0
6058,0,0
6059,0,0
6063,0,0
6064,0,0
6066,0,0.001
6068,0,0
6069,0,0.001
6070,0,0
6071,0,0
6072,0,0
6075,0,0
6076,0,0
6077,0,0
6081,0,0
6082,0,0
6086,0,0
6087,0,0.001
6089,0,0.001
6090,0,0
6094,0,0
6095,0,0
6099,0,0
6100,0,0
6104,0,0
6105,0,0
6107,0,0
6108,0,-0.001
6112,0,0.001
6113,0,0
6117,0,0
6118,0,0
6119,0,0
6122,0,0
6123,0,0
6124,0,0
6125,0,0
6126,0,0
6127,0,-0.001
6130,0,0
6131,0,-0.001
6133,0,-0.001
6135,0,0
6136,0,0
6138,0,0
6140,0,0
6141,0,0
6143,0,0
6144,0,0
6146,0,0
6148,0,0
6149,0,-0.001
6153,0,0.001
6154,0,-0.001
6156,0,-0.001
6158,0,0
6159,0,0
6160,0,0
6162,0,0
6164,0,0
6165,0,0
6166,0,0
6167,0,0
6171,0,0
6172,0,0.001
6176,0,0
6177,0,0
6181,0,0
6182,0,0
6184,0,0
6185,0,0
6187,0,0
6189,0,0
6190,0,0
6192,0,0
6193,0,0
6194,0,0
6195,0,0
6198,0,-0.001
6199,0,0
6200,0,0
6202,0,0
6203,0,0
6204,0,0
6207,0,0
6208,0,0
6209,0,0
6212,0,0
6213,0,0
6214,0,0
6215,0,-0.001
6217,0,0
6218,0,0
6220,0,0
6221,0,0
6225,0,0
6226,0,0
6230,0,0
6231,0,0
6233,0,0
6235,0,0.001
6236,0,0
6238,0,0
6239,0,0
6242,0,0
6243,0,0
6244,0,0
6247,0,0
6248,0,0
6249,0,0
6253,0,0
6254,0,0
6255,0,0
6256,0,-0.001
6257,0,0
6258,0,0.001
6261,0,0
6262,0,0
6264,0,0
6266,0,0
6267,0,0
6269,0,0
6271,0,0
6272,0,0
6274,0,-0.001
6275,0,0.001
6279,0,0
6280,0,0
6284,0,0
6285,0,0
6289,0,0
6290,0,0
6291,0,0
6292,0,0
6293,0,0
6296,0,0
6297,0,0.001
6298,0,0
6302,0,0
6303,0,-0.001
6307,0,0
6308,0,0
6310,0,0
6311,0,0
6313,0,0
6315,0,0
6316,0,0
6318,0,-0.001
6320,0,0.001
6321,0,0
6324,0,0
6325,0,0
6326,0,0
6328,0,0
6329,0,0
6333,0,0
6334,0,0
6335,0,0
6337,0,-0.001
6338,0,0
6339,0,0.001
6341,0,-0.001
6343,0,0.001
6344,0,0
6346,0,0
6347,0,0
6348,0,0
6351,0,0
6352,0,0
6354,0,0
6356,0,0
6357,0,0
6359,0,-0.001
6361,0,-0.001
6362,0,0
6364,0,-0.001
6365,0,0
6369,0,0
6370,0,0
6374,0,0
6375,0,0
6376,0,0
6379,0,0
6380,0,-0.001
6381,0,0
6382,0,0
6383,0,0
6384,0,0.001
6385,0,-0.001
6387,0,0
6388,0,0
6389,0,0
6392,0,0
6393,0,0
6395,0,0
6397,0,0
6398,0,0
6400,0,0
6401,0,-0.001
6405,0,0
6406,0,0
6410,0,0
6411,0,0
6415,0,0
6416,0,0
6417,0,0
6418,0,0
6419,0,0
6422,0,0
6423,0,-0.001
6424,0,0
6426,0,-0.001
6427,0,0
6428,0,0.001
6429,0,0
6433,0,0
6434,0,0
6436,0,0
6437,0,0
6438,0,0
6441,0,0
6442,0,0
6444,0,0.001
6446,0,0.001
6447,0,0.001
6449,0,-0.001
6451,0,0
6452,0,0
6454,0,0
6455,0,0
6459,0,0
6460,0,0
6464,0,0
6465,0,0.001
6466,0,0.001
6469,0,0.001
6470,0,0.001
6471,0,0.001
6472,0,0
6473,0,0
6477,0,0
6478,0,0
6482,0,0
6483,0,0
6485,0,0
6487,0,-0.001
6488,0,0.001
6490,0,0
6491,0,-0.001
6495,0,0
6496,0,0
6500,0,0
6501,0,0
6505,0,0
6506,0,-0.001
6507,0,0
6508,0,0
6509,0,0.001
6512,0,0
6513,0,-0.001
6514,0,0
6518,0,0
6519,0,0
6523,0,0
6524,0,0
6526,0,0
6527,0,-0.001
6529,0,-0.001
6531,0,0.001
6532,0,0
6534,0,0
6536,0,0
6537,0,0
6539,0,0
6541,0,0
6542,0,0
6544,0,0
6545,0,0
6549,0,0
6550,0,0
6556,0,0
6561,0,0
6567,0,0
6572,0,0
6578,0,0
6583,0,0
6589,0,0
6594,0,0
6600,0,0
6605,0,0
6610,0,0
6616,0,0
6621,0,0
6627,0,0
6632,0,0
6638,0,0
6643,0,0
6649,0,0
6654,0,0
6660,0,0
6665,0,0
6671,0,0
6676,0,0
6681,0,0
6687,0,0
6692,0,0
6698,0,0
6703,0,0
6709,0,0
6714,0,0
6720,0,0
6725,0,0
6731,0,0
6736,0,0
6742,0,0
6747,0,0
6752,0,0
6758,0,0
6763,0,0
6769,0,0
6774,0,0
6780,0,0
6785,0,0
6791,0,0
6796,0,0
6802,0,0
6807,0,0
6813,0,0
6818,0,0
6823,0,0
6829,0,0
6834,0,0
6840,0,0
6845,0,0
6851,0,0
6856,0,0
6862,0,0
6867,0,0
6873,0,0
6878,0,0
6884,0,0
6889,0,0
6894,0,0
6900,0,0
6905,0,0
6911,0,0
6916,0,0
6922,0,0
6927,0,0
6933,0,0
6938,0,0
6944,0,0
6949,0,0
6955,0,0
6960,0,0
6965,0,0
6971,0,0
6976,0,0
6982,0,0
6987,0,0
6993,0,0
6998,0,0
7004,0,0
7009,0,0
7015,0,0
7020,0,0
7026,0,0
7031,0,0
7036,0,0
7042,0,0
7047,0,0
7053,0,0
7058,0,0
7064,0,0
7069,0,0
7075,0,0
7080,0,0
7086,0,0
7091,0,0
7097,0,0
7102,0,0
7107,0,0
7113,0,0
7118,0,0
7124,0,0
7129,0,0
7135,0,0
7140,0,0
7146,0,0
7151,0,0
7157,0,0
7162,0,0
7167,0,0
7170,0,0
7176,0,0
7181,0,0
7187,0,0
7192,0,0
7198,0,0
7203,0,0
7208,0,0
7214,0,0
7219,0,0
7225,0,0
7230,0,0
7236,0,0
7241,0,0
7247,0,0
7252,0,0
7258,0,0
7263,0,0
7269,0,0
7274,0,0
7279,0,0
7285,0,0
7290,0,0
7296,0,0
7301,0,0
7307,0,0
7312,0,0
7318,0,0
7323,0,0
7329,0,0
7334,0,0
7340,0,0
7345,0,0
7350,0,0
7356,0,0
7361,0,0
7367,0,0
7372,0,0
7378,0,0
7383,0,0
7389,0,0
7394,0,0
7400,0,0
7405,0,0
7411,0,0
7416,0,0
7421,0,0
7427,0,0
7432,0,0
7438,0,0
7443,0,0
7449,0,0
7454,0,0
7460,0,0
7465,0,0
7471,0,0
7476,0,0
7482,0,0
7487,0,0
7492,0,0
7498,0,0
7503,0,0
7509,0,0
7514,0,0
7520,0,0
7525,0,0
7531,0,0
7536,0,0
7542,0,0
7547,0,0
7553,0,0
7558,0,0
7563,0,0
7569,0,0
7574,0,0
7580,0,0
7585,0,0
7591,0,0
7596,0,0
7602,0,0
7607,0,0
7613,0,0
7618,0,0
7624,0,0
7629,0,0
7634,0,0
7640,0,0
7645,0,0
7651,0,0
7656,0,0
7662,0,0
7667,0,0
7673,0,0
7678,0,0
7684,0,0
7689,0,0
7695,0,0
7700,0,0
7705,0,0
7711,0,0
7716,0,0
7722,0,0
7727,0,0
7733,0,0
7738,0,0
7744,0,0
7749,0,0
7755,0,0
7760,0,0
7766,0,0
7771,0,0
7776,0,0
7782,0,0
7787,0,0
7793,0,0
7798,0,0
7804,0,0
7809,0,0
7815,0,0
7820,0,0
7826,0,0
7831,0,0
7837,0,0
7842,0,0
7847,0,0
7853,0,0
7858,0,0
7864,0,0
7869,0,0
7875,0,0
7880,0,0
7886,0,0
7891,0,0
7897,0,0
7902,0,0
7908,0,0
7913,0,0
7918,0,0
7924,0,0
7929,0,0
7935,0,0
7940,0,0
7946,0,0
7951,0,0
7957,0,0
7962,0,0
7968,0,0
7973,0,0
7979,0,0
7984,0,0
7989,0,0
7995,0,0
8000,0,0
8006,0,0
8011,0,0
8017,0,0
8022,0,0
8028,0,0
8033,0,0
8039,0,0
8044,0,0
8050,0,0
8055,0,0
8060,0,0
8066,0,0
8071,0,0
8077,0,0
8082,0,0
8088,0,0
8093,0,0
8099,0,0
8104,0,0
8110,0,0
8115,0,0
8121,0,0
8126,0,0
8131,0,0
8137,0,0
8142,0,0
8148,0,0
8153,0,0
8159,0,0
8164,0,0
8170,0,0
8175,0,0
8181,0,0
8186,0,0
8189,0,0
8195,0,0.001
8201,0,0
8211,0,0
8213,0,0
8221,0,0
8228,0,0.001
8234,0,0.001
8235,0,0.001
8244,0,0
8254,0,0
8257,0,0
8264,0,0
8270,0,0
8279,0,0.002
8280,0,0
8290,0,0
8300,0,0
8301,0,0
8306,0,0
8316,0,0
8317,0,0
8326,0,0
8329,0,0
8339,0,0
8345,0,0
8355,0,0
8358,0,-0.001
8361,0,0
8365,0,0
8375,0,0
8377,0,0
8381,0,0
8391,0,0
8399,0,0
8401,0,0
8408,0,0.001
8414,0,0
8421,0,0
8424,0,0
8430,0,0
8437,0,0
8440,0,-0.001
8443,0,-0.001
8447,0,0
8448,0,0.001
8453,0,0
8463,0,0
8470,0,0
8473,0,0
8483,0,-0.001
8489,0,0
8492,0,0
8499,0,0
8509,0,0
8514,0,0
8519,0,0
8525,0,0
8535,0,0
8536,0,-0.001
8545,0,0
8555,0,0
8557,0,0
8561,0,0
8571,0,0
8579,0,0
8581,0,0
8591,0,0
8597,0,0
8601,0,0
8607,0,0
8614,0,-0.001
8617,0,0.001
8620,0,-0.002
8623,0,0
8627,0,0
8633,0,0
8634,0,-0.003
8640,0,0
8650,0,0
8653,0,-0.001
8656,0,0
8660,0,0.001
8663,0,-0.002
8669,0,0
8678,0,0
8679,0,0
8689,0,0
8694,0,-0.001
8699,0,0.001
8702,0,0.001
8712,0,0
8716,0,0
8722,0,0
8732,0,0
8738,0,0
8741,0,0
8751,0,0
8759,0,0
8761,0,0
8771,0,0
8777,0,0
8781,0,0
8784,0,0
8787,0,0
8797,0,0
8803,0,0
8807,0,0
8813,0,0
8817,0,0
8823,0,0
8825,0,0.001
8826,0,0
8830,0,0.001
8840,0,0
8846,0,0
8852,0,0
8856,0,0
8866,0,0
8869,0,0.001
8872,0,0
8874,0,0.001
8879,0,0
8885,0,0
8895,0,0
8896,0,0
8905,0,0
8915,0,0
8918,0,0
8921,0,0
8931,0,0
8940,0,0
8941,0,0
8948,0,0.001
8954,0,0
8962,0,0
8964,0,0
8974,0,0
8983,0,0
8984,0,0
8990,0,0.001
8994,0,0
8997,0,0
9000,0,0.001
9010,0,0
9020,0,0
9022,0,0
9026,0,0
9029,0,-0.001
9033,0,-0.001
9038,0,0.001
9039,0,0
9046,0,-0.001
9056,0,0
9060,0,0
9062,0,0
9072,0,-0.001
9075,0.001,0.001
9076,0,0
9085,0,0
9095,0,0
9098,0,0
9101,0,0
9111,0,0
9114,0,-0.001
9118,0,0.001
9128,0,0
9134,0,0
9136,0,0
9141,0,0
9147,0,0
9157,0,0
9158,0,0
9167,0,0.001
9173,0,0
9180,0,0
9183,0,0
9193,0,0
9196,0,0
9200,0,0
9203,0,0
9209,0,0
9213,0,0
9219,0,0
9229,0,0
9235,0,0
9239,0,0
9240,0,0.001
9245,0,0.002
9252,0,0
9262,0,0
9268,0,0
9275,0,0
9281,0,0
9284,0,-0.001
9288,0,0.001
9291,0,0.001
9301,0,0
9306,0,0
9311,0,0
9317,0,0
9327,0,0
9334,0,0
9344,0,0
9349,0,0
9350,0,0
9360,0,0
9370,0,0
9371,0,0
9376,0,0
9380,0,0.001
9386,0,0
9393,0,0
9396,0,0
9406,0,0
9415,0,0
9416,0,0
9419,0,0.001
9422,0,0.001
9432,0,0
9437,0,0
9442,0,0
9452,0,0
9455,0,-0.001
9458,0,0
9459,0,0
9461,0,0
9465,0,0
9471,0,0
9475,0,0
9481,0,0
9488,0,0.001
9494,0,0.001
9497,0,-0.001
9504,0,0.001
9514,0,0
9519,0,0
9524,0,0
9530,0,0
9535,0,0
9537,-0.001,0
9543,0,0
9553,0,0
9557,0,0
9563,0,0
9573,0,0
9579,0,0.001
9584,0,0
9586,0,0
9596,0,0
9606,0,0
9612,0,0
9622,0,0
9628,0,0
9632,0,0
9642,0,-0.001
9648,0,0
9650,0,0
9651,0,0
9661,0,-0.002
9671,0,0
9681,0,0
9682,0,0
9687,0,0
9697,0,0.001
9704,0,0.001
9707,0,0.001
9717,0,0
9723,0,0
9726,0,0
9733,0,0
9743,0,-0.001
9748,0,0
9750,0,0
9753,0,0
9759,0,0
9769,0,0
9779,0,0
9781,0,0
9782,0,0
9789,0,0
9795,0,0
9803,0,0
9805,0,0
9812,0,0.001
9815,0,0.001
9824,0,0
9825,0,0
9831,0,0
9838,0,-0.001
9841,0,0
9851,0,0
9861,0,0
9863,0,-0.001
9867,0,-0.001
9877,0,0
9885,0,0
9887,0,0
9897,0,0
9900,0,0.001
9901,0,0.001
9906,0,-0.002
9907,0,0.001
9912,0,0.001
9913,0,0
9923,0,-0.001
9933,0,0
9939,0,0
9945,0,-0.001
9949,0,0
9959,0,0
9966,0,0
9972,0,0
9982,0,0
9988,0,0
9995,0,0
9998,0,0.001
10005,0,0
10010,0,0
10011,0,0
10021,0,0
10031,0,0
10032,0,0
10038,0,-0.001
10044,0,-0.001
10054,0,0
10064,0,0
10070,0,0
10077,0,0.001
10080,0,-0.001
10081,0,0
10090,0,0
10100,0,0
10103,0,0
10110,0,0
10116,0,0.001
10123,0,0.001
10125,0,0
10129,0,0
10139,0,0
10147,0,0
10149,0,0
10155,0,0
10162,0,0.001
10163,0,0
10168,0,-0.001
10175,0,0
10179,0,0
10185,0,0
10191,0,0
10196,0,0
10198,0,0
10207,0,0.001
10208,0,0
10218,0,0
10224,0,0
10229,0,0
10231,0,-0.001
10234,0,-0.002
10237,0,0
10240,0,-0.001
10244,0,0.001
10247,0,0
10256,0,0
10257,0,0
10263,0,0
10273,0,0
10278,0,0
10283,0,0
10289,0,0
10293,0,0
10296,0,0.001
10306,0,0
10310,0,0
10316,0,0
10326,0,0.001
10332,0,0
10342,0,0
10352,0,0
10354,0,0
10362,0,0
10365,0,0.002
10371,0,-0.001
10378,0,0
10381,0,0
10388,0,0
10398,0,0
10403,0,0
10404,0,0
10407,0,0
10417,0,0.001
10425,0,0
10427,0,0
10437,0,0
10443,0,0
10447,0,0
10452,0,0.001
10453,0,0.001
10463,0,0
10473,0,0
10474,0,0
10479,0,0
10489,0,0
10491,0,0
10496,0,-0.001
10499,0,-0.001
10502,0,0
10509,0,0
10515,0,0
10523,0,0
10525,0,0
10529,0,0.001
10532,0,0
10542,0,0
10545,0,0
10548,0,0
10551,0,-0.002
10556,0,0.001
10561,0,0
10571,0,0
10578,0,-0.001
10581,0,0
10584,0,-0.001
10594,0,0
10604,0,0
10605,0,-0.001
10614,0,0
10620,0,0
10627,0,0
10630,0,0
10640,0,0
10649,0,0
10650,0,0
10653,0,-0.001
10655,0,0.002
10659,0,0
10669,0,0
10676,0,0
10679,0,0
10689,0,0
10695,0,-0.001
10698,0,0
10699,0,0.003
10705,0,-0.001
10715,0,0
10725,0,0
10726,0,0
10731,0,-0.001
10735,0,-0.002
10741,0,0
10747,0,0
10751,0,0
10761,0,0
10767,0,0
10769,0,0
10777,0,0
10784,0,-0.001
10786,0,-0.001
10794,0,0
10800,0,0
10807,0,0
10810,0,-0.001
10818,0,0.001
10820,0,0
10830,0,0
10836,0,0
10840,0,0.001
10846,0,0
10856,0,0
10862,0,0
10869,0,0
10875,0,0
10884,0,0.001
10885,0,0
10892,0,0.001
10895,0,0.001
10902,0,0
10908,0,0
10911,0,0
10915,0,0.001
10917,0,-0.001
10921,0,0
10931,0,0
10939,0,0
10941,0,-0.001
10951,0,0
10957,0,0
10960,0,0
10964,0,-0.001
10966,0,-0.001
10974,0,0
10984,0,0
10988,0,-0.001
10990,0,0
10997,0,0
11003,0,0
11010,0,0
11013,0,0
11020,0,-0.001
11026,0,0
11036,0,0
11042,0,-0.001
11046,0,0.001
11056,0,0
11062,0,0
11064,0,0
11072,0,0
11081,0,0
11082,0,0
11091,0,-0.001
11092,0,-0.001
11098,0,0
11108,0,0
11113,0,0
11118,0,0.001
11128,0,0
11134,0,0
11135,0,0
11144,0,-0.001
11152,0,0
11154,0,0
11164,0,0
11168,0,0
11170,0,-0.001
11180,0,0
11190,0,0
11200,0,0
11206,0,0
11212,0,0
11216,0,0
11226,0,0
11233,0,0
11236,0,0
11242,0,0
11244,0,-0.001
11249,0,0
11255,0,0
11261,0,0
11265,0,0
11275,0,0.003
11277,0,-0.002
11281,0,0.001
11291,0,0
11299,0,0
11301,0,0
11304,0,0.001
11311,0,0
11317,0,0
11326,0,0
11327,0,0
11334,0,0
11344,0,0
11348,0,0
11350,0,-0.001
11357,0,0
11363,0,0
11370,0,0
11373,0,0
11380,0,0.001
11386,0,0
11392,0,0
11396,0,0
11402,0,0
11403,0,0.002
11406,0,0
11416,0,0
11422,0,0
11425,0,0
11432,0,0.001
11442,0,0
11446,0,0
11452,0,-0.001
11458,0,0.001
11468,0,0
11474,0,0
11478,0,0
11484,0,0
11485,0,-0.001
11491,0,0
11497,0,0
11504,0,0
11507,0,0.001
11512,0,-0.001
11514,0,0
11524,0,0
11530,0,0
11534,0,0
11540,0,0
11550,0,0
11560,0,0
11566,0,0
11572,0,0
11576,0,0
11586,0,0
11594,0,0
11596,0,0
11602,0,0
11609,0,0
11615,0,0
11616,0,0
11618,0,-0.001
11625,0,0
11635,0,0.001
11638,0,0.001
11641,0,-0.001
11651,0,0
11659,0,0
11661,0,0
11665,0,0.001
11668,0,0
11674,0,0
11684,0,-0.001
11687,0,-0.001
11691,0,0
11697,0,0
11707,0,0
11709,0,-0.001
11713,0,0
11714,0,-0.001
11720,0,0.001
11730,0,0
11740,0,0
11741,0,0
11746,0,0
11756,0,0
11763,0,0
11766,0,0
11776,0,0
11782,0,0
11785,0,0
11789,0,-0.001
11795,0,0.001
11801,0,0.001
11805,0,0
11815,0,0
11821,0,0
11823,0,0
11831,0,0
11835,0,0
11841,0,0
11845,0,0
11851,0,0
11857,0,0
11867,0,0
11877,0,0
11878,0,0.001
11883,0,-0.001
11887,0,0
11893,0,0
11903,0,0
11905,0,0
11913,0,0
11923,0,0
11927,0,0
11929,0,0
11933,0,0.001
11939,0,0
11949,0,0
11954,0,0
11959,0,0
11965,0,0.001
11969,0,0.001
11971,0,0
11975,0,0
11985,0,0
11993,0,0
11995,0,0
12001,0,0
12011,0,-0.001
12014,0,0
12021,0,0
12031,0,0
12036,0,0
12037,0,0
12047,0,0
12053,0,0
12057,0,0
12067,0,0
12073,0,0
12075,0,0
12083,0,0
12090,0,0
12096,0,0
12100,0,0
12106,0,0
12116,0,0
12118,0,0
12126,0,0
12132,0,0.001
12139,0,0
12140,0,0
12145,0,0
12155,0,0
12162,0,0
12165,0,0
12175,0,0.001
12178,0,-0.001
12188,0,0
12198,0,0
12200,0,0
12208,0,0
12214,0,0
12217,0,0.001
12224,0,0.001
12234,0,0
12238,0,0
12244,0,0
12250,0,0
12255,0,-0.001
12260,0,0
12263,0,-0.001
12267,0,0.001
12273,0,0
12277,0,0
12283,0,0
12289,0,0
12293,0,0
12299,0,0.001
12306,0,0.001
12309,0,0.001
12316,0,0
12325,0,0
12331,0,0
12332,0,0
12342,0,0
12352,0,0
12353,0,0
12362,0,0
12368,0,0
12375,0,0
12378,0,0
12384,0,0
12391,0,0.001
12397,0,0.001
12401,0,0
12407,0,0
12417,0,0
12419,0,0
12427,0,0
12429,0,0.001
12434,0,0
12440,0,0
12450,0,0
12451,0,0
12460,0,0
12466,0,0.001
12470,0,0.001
12473,0,0
12476,0,0
12486,0,0
12495,0,0
12496,0,0
12506,0,0
12511,0,0
12512,0,0
12522,0,0
12528,0,0
12532,0,0
12542,0,0
12548,0,0
12550,0,0
12558,0,0
12561,0,0.001
12571,0,0
12581,0,0
12582,0,0
12587,0,0
12594,0,0.001
12604,0,0
12607,0,-0.001
12617,0,0
12623,0,0
12626,0,0
12633,0,0
12640,0,0.001
12648,0,0
12650,0,0
12656,0,0
12666,0,0
12670,0,0
12675,0,0
12676,0,0
12682,0,0
12686,0,0.001
12692,0,0
12702,0,0
12708,0,0
12712,0,0
12718,0,0
12719,0,-0.001
12725,0,-0.001
12731,0,0
12741,0,0
12751,0,0
12761,0,0.001
12763,0,-0.001
12767,0,0
12768,0,0
12771,0,-0.001
12777,0,0
12787,0,0
12790,0,0
12797,0,0
12803,0,-0.001
12812,0,0
12813,0,0.001
12823,0,0
12833,0,0
12834,0,0
12839,0,0
12849,0,0.001
12855,0,0
12856,0,0.001
12866,0,0
12872,0,0
12877,0,0
12882,0,0
12892,0,-0.001
12894,0,-0.001
12898,0,0
12899,0,0.001
12905,0,0
12911,0,0
12921,0,0
12931,0,0
12932,0,0.001
12938,0,0
12944,0,0
12954,0,0
12964,0,0
12970,0,-0.001
12977,0,0
12983,0,0.001
12992,0,0
12993,0,0
13003,0,0
13013,0,-0.001
13014,0,-0.001
13019,0,0
13029,0,0
13036,0,0
13039,0,0
13049,0,0
13055,0,0
13058,0,0
13062,0,-0.001
13072,0,0
13079,0,0
13082,0,0
13088,0,0
13098,0,0
13101,0,0
13123,0,0
13145,0,0
13167,0,0
13189,0,0
13210,0,0
13232,0,0
13254,0,0
13276,0,0
13298,0,0
13320,0,0
13342,0,0
13363,0,0
13385,0,0
13407,0,0
13429,0,0
13451,0,0
13473,0,0
13494,0,0
13516,0,0
13538,0,0
13560,0,0
13582,0,0
13604,0,0
13626,0,0
13647,0,0
13669,0,0
13691,0,0
13713,0,0
13735,0,0
13757,0,0
13778,0,0
13800,0,0
13822,0,0
13844,0,0
13866,0,0
13888,0,0
13910,0,0
13931,0,0
13953,0,0
13975,0,0
13997,0,0
14019,0,0
14041,0,0
14062,0,0
14084,0,0
14106,0,0
14128,0,0
14150,0,0
14172,0,0
14194,0,0
14215,0,0
14237,0,0
14259,0,0
14281,0,0
14303,0,0
14325,0,0
14341,0,0
14363,0,0
14385,0,0
14406,0,0
14428,0,0
14450,0,0
14472,0,0
14494,0,0
14516,0,0
14538,0,0
14559,0,0
14581,0,0
14603,0,0
14625,0,0
14647,0,0
14669,0,0
14690,0,0
14712,0,0
14734,0,0
14756,0,0
14778,0,0
14800,0,0
14822,0,0
14843,0,0
14865,0,0
14887,0,0
14909,0,0
14931,0,0
14953,0,0
14974,0,0
14996,0,0
15018,0,0
15040,0,0
15062,0,0
15084,0,0
15106,0,0
15127,0,0
15149,0,0
15171,0,0
15193,0,0
15215,0,0
15237,0,0
15258,0,0
15280,0,0
15302,0,0
15324,0,0
15346,0,0
15368,0,0
15390,0,0
15411,0,0
15433,0,0
15455,0,0
15477,0,0
15499,0,0
15521,0,0
15542,0,0
15564,0,0
15586,0,0
15608,0,0
15630,0,0
15652,0,0
15674,0,0
15695,0,0
15717,0,0
15739,0,0
15761,0,0
15783,0,0
15805,0,0
15826,0,0
15848,0,0
15870,0,0
15892,0,0
15914,0,0
15936,0,0
15958,0,0
15979,0,0
16001,0,0
16023,0,0
16045,0,0
16067,0,0
16089,0,0
16110,0,0
16132,0,0
16154,0,0
16176,0,0
16198,0,0
16220,0,0
16242,0,0
16263,0,0
16285,0,0
16307,0,0
16329,0,0
16351,0,0
16373,0,0
16390,0,0
16423,0,0
16456,0,0.001
16471,0,0.001
16488,0,0
16528,0,0
16558,0,0.001
16560,0,0
16600,0,0
16632,0,0
16635,0,-0.001
16658,0,-0.001
16691,0,0
16717,0,-0.001
16722,0,0
16750,0,0
16783,0,0
16799,0,0
16802,0,-0.001
16816,0,0
16848,0,0
16861,0,-0.001
16881,-0.001,-0.001
16886,0,0
16907,0,0
16941,0,0
16946,0,0
16979,0,0
17018,0,0
17028,0,0
17050,0,-0.001
17051,0,0.001
17091,0,0
17115,0,0
17123,0,0
17163,0,0
17195,0,0
17203,0,0
17228,-0.001,0
17241,0,-0.002
17267,0,0
17268,0,0
17300,0,0
17307,0,0
17320,0,-0.001
17339,0,0
17356,0,0
17379,0,0
17405,0,0
17432,0,0
17444,0,0
17477,0,0
17483,0,0
17519,0,0
17523,0,0
17555,0,0
17575,0,0
17607,0,0
17614,0,0
17634,0,-0.001
17653,0,0.002
17660,0,0
17661,0,0
17693,0,0
17732,0,0
17738,0,0.001
17745,0,-0.001
17771,0,0
17793,0,0
17811,0,0
17843,0,0
17863,0,0.001
17880,0,0
17896,0,0
17909,0.001,0
17948,0,0
17967,0,0
17981,0,0
18000,0,0.001
18040,0,0
18059,0,0
18066,0,0
18079,0,0
18112,0,0
18120,0,0
18144,0,0
18171,0,0
18197,0,0
18203,0,0
18229,0,0
18236,0.001,0
18269,0,0
18295,0,0
18317,0,0
18334,0,0
18367,0,0
18393,0,0
18400,0,0
18419,0,0
18459,0,0
18470,0,0
18491,0,0
18524,0,0
18550,0,0
18577,0,0.001
18583,0,0.001
18612,0,0
18622,0,0
18655,0,0
18688,0,0
18699,0,0
18721,0,0
18753,0,-0.001
18760,0,0.001
18786,0,0
18793,0,0
18832,0,0
18838,0,0.001
18865,0,0
18874,0,0
18904,0,0
18917,0,0
18930,0,-0.001
18950,0,0
18963,0,0
18976,0,-0.002
19009,0,0
19038,0,0
19048,0,0
19074,0.001,-0.001
19087,0,0.001
19114,0,0
19126,0,0
19159,0,0
19169,0.001,0
19192,0,0
19225,0,0
19256,0,0
19264,0,0
19297,0,0
19303,0,0.001
19322,0,0
19323,0,-0.001
19362,0,0
19395,0,0
19409,0,0
19434,0,0
19467,0,0
19496,0,-0.001
19500,0,-0.002
19507,0,0
19518,0,-0.001
19519,0,0.001
19558,0,0
19578,0,0
19606,0,0
19611,0,0
19624,0,0.001
19630,0,0.001
19663,0,0.001
19682,0,-0.001
19683,0,0.001
19722,0,0.001
19755,0,0
19770,0,0
19794,0,0
19813,0,0
19814,0,0.001
19824,0,0.001
19847,0,0
19879,0,0
19890,0,0
19919,0,0
19945,0,0
19977,0,0
19997,0,0
20023,0,0
20063,0,0
20064,0,0
20089,0,0.001
20128,0,0
20141,0,0
20154,0,0.001
20161,0,-0.001
20200,0,0
20206,0,0
20233,0,0
20246,0,0
20279,0,0
20294,0,0
20311,0,0
20324,0,0
20337,0,0.001
20359,0,0
20370,0,0
20396,0.001,0.001
20414,0,0.001
20436,0,0
20462,0,0
20469,0,-0.002
20475,0,0
20481,0.001,-0.001
20488,0,0.002
20495,0,0
20512,0,0
20527,0,0
20567,0,0
20578,0,0
20593,0,0
20632,0,0
20665,0,0
20704,0,0
20730,0.001,0.002
20731,-0.001,0
20756,0,0
20796,0,0
20807,0,-0.001
20815,0,-0.001
20855,0,0
20887,0,0
20895,0,0
20927,0,0
20949,0,0
20959,0,0
20992,0,0
21004,0,-0.001
21005,0,0.001
21031,0,0
21058,0,0
21064,0,-0.001
21091,0,0
21097,0,0
21103,0,0.001
21113,0,0
21143,0,0
21157,0,-0.001
21162,0,0
21169,0,-0.001
21208,0,-0.001
21211,0,0
21241,0,0
21280,0,0
21299,0,0
21306,0,0
21310,0,-0.001
21339,0,0
21378,0,0
21391,0,-0.001
21397,0,0
21398,0,-0.003
21431,0,0
21452,0,0.001
21463,0,0.001
21483,0,0
21522,0,0
21539,0,0
21555,0,0
21588,0,0
21615,0,0
21621,0,0.001
21660,0,0
21681,0,0
21693,0,0
21725,0,0
21751,0,0
21768,0,0.001
21784,0,-0.001
21817,0,0
21823,0,-0.001
21843,0,0
21878,0,0.001
21882,0,0
21915,0,0
21932,0,0
21948,0,0
21981,0,-0.001
22007,0,0
22020,0,0
22040,0,0
22041,0,0.001
22072,0,0
22085,0,0.001
22092,0,0.001
22125,0,0
22162,0,0
22164,0,0
22183,0,-0.001
22197,0,0
22236,0,0.001
22269,0,0
22271,0,0
22308,0,0
22336,0,0
22341,0,0.001
22380,0,0
22413,0,0
22424,0,0
22452,0,0
22485,0,0
22489,0,-0.001
22498,0,-0.001
22530,0,0
22550,0,0.003
22555,0,-0.001
22583,0,0
22598,0,0
22609,0,0
22635,0,0
22653,0,0
22655,0,0
22688,0,0
22701,0,0.001
22727,0,0
22740,0,0
22760,0,-0.001
22792,0,0
22806,0,0
22812,0,-0.001
22845,0,0
22884,0,0
22893,0,0
22917,0,0
22948,0,0
22956,0,-0.001
22982,0,0
23008,0,0
23014,0,0.001
23048,0,0
23068,0,0
23080,0,0
23120,0,0
23145,0,0
23152,0,0
23192,0,0
23218,0,-0.001
23232,0,0
23237,0,-0.001
23270,0,-0.001
23283,0,-0.001
23319,0,0
23323,0,-0.001
23330,0,0
23349,0,0
23382,0,0
23414,0,0
23418,0,0
23429,0,0
23440,0,0.001
23480,0,0
23512,0,-0.001
23527,0,0
23552,0,0
23578,0,0
23603,0,0
23611,0,0
23643,0,0
23670,-0.001,0
23691,0,0
23702,0,0
23735,0,0
23756,0,0.001
23767,0,-0.001
23774,0,0
23807,0,0
23846,0,0
23855,0,0
23866,0,-0.001
23899,0,0
23931,0,0
23938,0,0
23942,0,0
23971,0,0
24003,0,0
24029,0,0
24043,0,0
24075,0,0
24095,0,0
24115,0,0
24147,0,0
24150,0,0
24180,0,0
24213,0,0
24237,0,0
24252,0,0
24278,0,0
24311,0,0
24324,0,0
24350,0,0.001
24357,0,-0.001
24396,0,0
24429,0,0
24434,0,-0.001
24449,0,0
24488,0,0
24510,0,0
24521,0,0.001
24527,0,0.001
24534,0,0
24566,0,0
24586,0,0
24599,0,0
24619,0,0
24651,0,0
24663,0,0
24684,0,0
24724,0,0
24750,0,0
24756,0,0
24782,0,0.001
24794,0,-0.001
24815,0,0
24854,0,0
24859,0,0
24881,0,0
24920,0,0
24940,0,0.001
24947,0,0
24972,0,0
25012,0,0
25023,0,-0.001
25044,0,0
25084,0,0
25100,0,0.001
25116,0,0
25122,0,0
25142,0,0
25175,0,0
25188,0,0.001
25209,0,0
25214,0,0
25247,0,0
25280,0,0
25296,0,0
25313,0,0
25351,0,0.001
25352,0,-0.001
25372,0,0.001
25404,0,0
25417,0,0
25437,0,0
25463,0,0
25482,0,0
25503,0,0
25522,0,0
25537,0,0.001
25542,0,0
25575,0,0
25607,0,-0.001
25624,0,0
25647,0,0
25679,0,0
25711,0,0
25712,0,0
25745,0,0
25784,0,0
25788,0,0
25810,0,0
25843,0,0
25864,0,0.001
25876,0,-0.001
25908,0,0
25941,0,-0.001
25967,0,0
26007,0,0
26028,0,0
26039,0,0
26079,0,0
26111,0,0.001
26116,0,0
26144,0,0
26177,0,0
26203,0,0
26290,0,0
26378,0,0
26465,0,0
26553,0,0
26640,0,0
26727,0,0
26815,0,0
26902,0,0
26989,0,0
27077,0,0
27164,0,0
27252,0,0
27339,0,0
27426,0,0
27514,0,0
27601,0,0
27688,0,0
27776,0,0
27863,0,0
27951,0,0
28038,0,0
28125,0,0
28213,0,0
28300,0,0
28388,0,0
28475,0,0
28562,0,0
28650,0,0
28726,0,0
28813,0,0
28901,0,0
28988,0,0
29076,0,0
29163,0,0
29250,0,0
29338,0,0
29425,0,0
29513,0,0
29600,0,0
29687,0,0
29775,0,0
29862,0,0
29949,0,0
30037,0,0
30124,0,0
30212,0,0
30299,0,0
30386,0,0
30474,0,0
30561,0,0
30649,0,0
30736,0,0
30823,0,0
30911,0,0
30998,0,0
31085,0,0
31173,0,0
31260,0,0
31348,0,0
31435,0,0
31522,0,0
31610,0,0
31697,0,0
31784,0,0
31872,0,0
31959,0,0
32047,0,0
32134,0,0
32221,0,0
32309,0,0
32396,0,0
32484,0,0
32571,0,0
32658,0,0
32746,0,0
32781,0.001,0
32912,0,0
33056,0,0
33117,0,0.001
33200,0,0
33317,-0.001,0
33435,0,-0.001
33445,0,0
33566,0,0
33605,0,-0.001
33697,0,0
33723,0,-0.001
33763,0,0
33772,0,0
33893,0,0
34037,0,0
34056,0,0
34182,0,0
34231,0,0
34326,0,0
34456,0,-0.001
34483,-0.001,-0.001
34537,0,0
34600,0,0
34614,-0.001,0
34679,0,0
34810,0,0
34865,0,0
34954,0,0
34967,0,0
35111,0,0
35214,0,0
35229,0,0
35307,0,0
35321,0.001,0
35465,0,0
35476,0,0.001
35543,0,0
35687,0,0
35726,0,0.001
35760,0,0
35792,-0.001,0
35897,0,0
36001,0,0
36119,0,0.001
36224,0,0
36241,0,0
36342,0,0
36459,0.001,0
36473,0,0.001
36591,0,0
36669,0,0.001
36787,0,0
36800,0,0.001
36918,0,0
37049,0,0
37154,0.001,0
37245,0,0
37376,0,0
37399,0,0
37507,0,-0.001
37520,0,-0.001
37664,0,0
37730,0,0
37748,0,0
37834,0,0.001
37926,0,0
38018,0,0
38076,0,0
38149,-0.002,0
38253,0,0
38338,0.001,0
38384,0,0
38528,0,0
38607,0,0
38644,0,0
38725,0,0
38869,0,0
38993,-0.001,0
39000,0,0
39015,0,0.001
39037,0,-0.001
39117,0,0
39222,0,0
39248,0,0.001
39327,0,0
39365,0,-0.001
39366,0,0.001
39510,0,0
39627,0.001,0.001
39628,0,0.001
39694,0,0.001
39780,0,0
39838,0,0
39955,0,0
40047,0,0
40129,0,0
40178,0,-0.001
40309,0,0
40401,0,0
40413,0,0
40492,0,-0.001
40623,0,0
40649,0,0
40719,0,0
40741,0,0
40828,0,0
40872,0,0
40950,0,-0.001
40963,-0.002,0
40990,0,0.001
41025,0,0
41134,-0.001,0
41265,0,0.001
41331,0,0
41409,0,0
41513,0,0
41615,0,0
41631,-0.002,0
41775,0,0
41899,0,0
41919,0,0
42011,0,0
42116,0,-0.001
42183,0,0
42194,0,0
42286,0,0
42314,0,0
42338,0,0
42417,0,-0.001
42561,0,0
42598,0,0
42679,0,0
42783,0,-0.001
42795,0,0
42862,0,0
42904,0,-0.001
42967,0,0
43111,0,0
43231,0,0
43242,-0.001,0
43386,0,0
43503,0,0
43537,0,0
43634,0,0
43756,0,0.001
43765,0,0
43896,0,0
44014,0,0
44040,0,0
44145,0,0
44171,0,0
44184,0,-0.001
44328,0,0
44367,0,0.001
44472,0,-0.001
44616,0,0
44673,0,0
44760,0,0
44904,0,0
44979,0,-0.001
44996,0,0
45101,0,0
45197,0,0
45219,0,0
45310,0,-0.001
45402,0,0.001
45481,0,0
45520,0,0
45613,0.001,0.001
45624,0,0
45768,0,0
45897,0,0
45913,0,-0.001
46017,0,-0.001
46137,0,0
46161,0,0
46305,0,0
46436,0,0
46465,0,0
46475,0,0.001
46567,0,0
46661,0,0.001
46698,0,0
46829,0,0
46858,0,-0.001
46880,0,0
46960,0,0
47104,0,0
47207,0,0
47222,0,0
47340,0,-0.001
47471,0,0
47513,0,0
47535,0,0
47615,0,0
47732,0,0
47863,0,0
47876,-0.001,0
48007,0,0
48059,0,0
48151,0,0
48295,0,0
48300,0,0
48426,0,0
48557,0,0
48649,0,0
48701,0,0
48715,0,0
48793,0,0
48898,0,0
49020,0,0
49042,0,0.001
49068,0,-0.001
49199,0,0
49303,0,0
49326,0,0
49448,0,0
49565,0,0
49588,0,0
49709,0,0
49840,0,0
49880,0,0
49894,0,0
50024,0,0
50168,0,0
50200,0,0.001
50285,0,0
50377,0,0
50419,0,0
50495,0,0
50626,0,0
50703,0,0
50744,0,0.001
50875,0,0
50965,0,0
51006,0,0
51084,0,0
51215,0,0
51249,0,0.001
51359,0,0
51425,0,0.001
51569,0,0
51576,0,0
51686,0,0
51729,0,0
51817,0,0
51883,0,0
52014,0,0
52057,0,0
52158,0,0
52289,0,0
52406,0,0
52756,0,0
53106,0,0
53455,0,0
53805,0,0
54154,0,0
54504,0,0
54853,0,0
55203,0,0
55552,0,0
55902,0,0
56251,0,0
56601,0,0
56950,0,0
57300,0,0
57627,0,0
57977,0,0
58327,0,0
58676,0,0
59026,0,0
59375,0,0
59725,0,0
60074,0,0
60424,0,0
60773,0,0
61123,0,0
61472,0,0
61822,0,0
62171,0,0
62521,0,0
62870,0,0
63220,0,0
63569,0,0
63919,0,0
64268,0,0
64618,0,0
64968,0,0
65317,0,0
65824,-0.001,0
66400,0,0
66871,-0.001,0
66890,0,0
67211,0,0.001
67447,0,-0.001
67526,0,-0.001
68075,0,0
68113,0,0
68652,0,0
68913,-0.001,0
69074,0,0
69201,0,0
69228,-0.001,0
69620,0,0
69935,0,0.001
70429,0,0
70458,0,0
70642,0,0
71087,0,0
71453,0,0
71521,0,0
71584,-0.001,0
72003,0,0
72448,0,0
72482,0,0
72946,0,0.001
73339,0,0
73575,0,0
73836,0,0
74308,0,0
74753,0,0
74798,0,0
75015,0,-0.001
75041,0,-0.001
75460,0,0
75852,0,0
76036,0,0
76152,0,0
76298,-0.001,-0.001
76769,0,0
77214,0,0
77288,0,0
77738,0,0
78031,0,0
78075,-0.001,0
78235,0,0
78497,0,-0.001
78733,0,0
79254,0,0.001
79257,0,0
79388,0,-0.001
79911,0,0
80259,0,0
80356,0,0
80802,0,0
81247,0,0
81299,0,0.001
81439,0,0
81657,0.001,0
81744,0,0
81927,0,0
82268,0,-0.001
82662,0,0
82818,0,0
83263,0,0
83798,0,0
83839,0,0
84232,0,0
84572,0,0
84628,0,0
84834,0,0
85358,0,0
85567,0,-0.001
85590,0,0
85934,0,0
86463,0,0
86484,0,-0.002
87007,0,0
87512,0,0.001
87531,0,0
88029,0,0
88342,0,0
88369,0,0
88945,0,0
89347,0,0
89521,0,0
89959,0,-0.001
89993,0,0
90438,0,0
90804,0,0
90963,0,0
91226,0,0.001
91249,0,0
91826,0,0
92274,0,0
92323,0,0
92873,0,0
93135,0,0.001
93323,0,0
93658,0,0
93760,-0.001,0
94208,0,0
94680,0,0
95027,0,0
95070,-0.001,0
95230,0,0
95727,0,0
96015,0.001,0
96119,0,0
96591,0,0
97115,0,0
97299,0,0
97586,0,0
98041,0,0
98084,0.001,0
98398,0,0
98896,0,0
99177,0,0
99419,0,0
99760,-0.001,0
100336,0,0
100401,0,0
100755,0,0
101252,0,0
101406,0,0
101488,0,0.001
102012,0,0
102431,0,0.001
102498,0.001,0
102850,0.001,0
103373,0,0
103459,0,0
103766,-0.001,0
104316,0,0
104813,0,0
106212,0,0
107610,0,0
109008,0,0
110406,0,0
111804,0,0
113202,0,0
114600,0,0
115955,0,0
117353,0,0
118751,0,0
120149,0,0
121547,0,0
122945,0,0
124343,0,0
125741,0,0
127139,0,0
128537,0,0
129936,0,0
131648,-0.001,0
133742,-0.001,0
134895,0,0
136151,0,0
136227,0,0
137827,0,0
138456,0,-0.001
139870,0.001,0
140858,0,0
141284,0,0
142907,0,0
144007,0,0
144965,0,0
145892,0.001,0
147673,0,0
149506,0,0
149596,0,0
150082,0,0
151705,0,0
152596,0.001,0
154429,0,0
154577,0,0
156150,0,-0.001
156471,0,0
157466,0,0
158776,0,0
160519,0,0
160713,0,0
162494,0,0
163315,0.001,0
163489,0,0
164536,0,0
166526,0,0
167597,0,0
168464,0,0
169669,0,0
171135,0,-0.001
171180,0,0
172968,0,0
175024,0.001,0
175063,0,0
176739,0.001,0
178694,0,0
179043,0,0
180876,0,0
181927,0,0
182452,0,0.001
182499,0,0
184647,0,0
186270,0,0.001
186646,0,0
188417,0,0
190054,0,0
190460,0,0
192031,0.001,0
192238,0,0
194230,0,0
196083,0,0
196168,0,0
197792,0,0
199520,-0.001,0
200802,0,0
201510,0,0
202976,0.001,0
204862,0.001,0
204996,0,0
206747,0,0
206919,0,0
207532,0,-0.001
207533,0,0
209627,0,0
212424,0,0
218016,0,0
223608,0,0
229201,0,0
234706,0,0
240298,0,0
245891,0,0
251483,0,0
257075,0,0
263296,-0.001,0
269790,0,-0.001
272455,0,0
275655,0,0
279740,0,0
285815,0,0
289931,0,0
291785,0.001,0
299012,0,0
303411,0,0
308858,0,0
309155,0,0
314933,0,0
321038,0,0
321427,0,0
326631,0,0.001
326978,0,0
333053,0,0
339338,0,0
342360,0,0
345936,0,0
353478,0,0
357389,0,0
361752,0,0
364904,0.001,0
369294,0,0
376835,0,0
380108,0,0
384062,0,0
392167,0,0
392337,0,0
399040,-0.001,0
405953,0,0.001
409993,0,0
413494,0,0
415065,0,-0.001
415066,0,0
419255,0,0
424848,0,0
447217,0,0
469412,0,0
491782,0,0
514151,0,0
526592,0,-0.001
551311,0,0
571630,0,0
579862,0,0
583571,0.001,0
606823,0,0
629866,0,0
642077,0,0
653262,0.001,0
653957,0,0
678676,0,0
706956,0,0
714779,0,0
738588,0,0
753671,0,0
760217,0,0
784674,0,0
811907,0,0
819986,0,0
830131,-0.001,0
830132,0,0
838511,0,0
894435,0,0
983564,0,0
1102622,0,0
1167142,0,0
1259733,0,0
1284155,0,0
1306525,0,0.001
1307915,0,0
1413912,0,0
1507342,0,0
1520435,0,0
1623814,0,0
1660264,0,0
1677022,0,0
1788870,0,0
2334285,0,0
2613051,0,0
2615830,0,0
3014684,0,0
3320528,0,0
3354045,0,0
3577741,0,0
